product_id,category_id,price,current_stock,sales_7_days,sales_30_days,revenue_30_days,order_count_30_days,average_quantity_per_order,days_since_last_sale,dead_product
164,2,23112,430,4,4,89115,14,5,77,1
23,10,231208,67,0,0,0,78,1,57,1
144,4,385400,383,8,8,3067540,36,1,99,1
195,3,376026,267,5,5,1826605,98,3,81,1
27,2,209191,100,5,5,1021324,6,4,90,1
138,2,493548,244,1,1,509805,80,3,116,1
148,4,379398,86,0,0,0,11,2,75,1
26,7,155738,283,5,5,767420,86,3,66,1
180,2,329360,376,2,2,641910,60,4,114,1
70,9,125141,401,5,5,645840,41,4,53,1
69,2,120615,341,5,5,603028,83,4,73,1
37,5,83206,177,8,8,682090,55,5,114,1
103,6,124987,121,8,8,1025471,15,2,109,1
161,3,425277,399,6,6,2521455,60,5,54,1
65,9,461296,56,1,1,450539,83,3,114,1
29,5,237942,131,7,7,1728195,34,5,46,1
196,3,276171,105,4,4,1071423,48,2,110,1
139,9,491555,51,9,9,4211411,47,3,87,1
62,1,136286,500,9,9,1255019,9,5,56,1
197,3,77314,388,7,7,528482,78,4,116,1
55,9,405976,424,3,3,1278233,84,3,85,1
113,9,246708,112,3,3,728140,76,5,74,1
59,10,125457,54,1,1,120029,5,3,53,1
19,9,134782,193,7,7,908783,74,5,73,1
122,4,421366,293,6,6,2426292,56,3,70,1
109,7,254855,493,0,0,0,44,1,58,1
64,4,109724,325,7,7,743757,60,2,63,1
20,8,433636,492,6,8,3521868,70,1,58,1
24,4,97194,259,7,7,705167,8,2,107,1
98,1,214693,186,7,7,1532395,94,5,82,1
170,8,91158,148,4,4,367519,70,1,73,1
192,6,39971,76,9,9,374825,68,2,107,1
15,9,52001,486,2,2,99508,31,4,54,1
31,10,139087,347,9,9,1199456,85,5,51,1
145,9,175868,184,3,3,515237,17,3,86,1
118,6,497073,435,1,1,503095,73,1,47,1
19,9,121754,310,4,4,505564,32,3,62,1
73,3,239734,477,8,8,2010668,84,5,84,1
3,9,166960,390,1,1,160539,14,5,63,1
40,5,157721,360,3,3,482034,34,5,89,1
126,5,484657,484,0,0,0,36,1,57,1
1,6,414288,117,4,4,1647513,91,4,66,1
144,1,68654,89,2,2,141902,75,5,115,1
38,7,76818,72,4,4,319529,27,2,92,1
171,2,195429,450,8,8,1602436,31,2,98,1
46,7,22995,142,5,5,119160,32,3,98,1
41,2,210562,497,0,0,0,59,3,106,1
79,4,126876,63,3,3,372201,9,3,97,1
90,9,219546,398,3,8,1688807,34,2,88,1
149,5,30057,106,9,9,276695,41,4,101,1
156,9,70631,248,9,9,606716,56,1,70,1
134,9,370110,419,3,3,1062582,86,3,92,1
160,6,357806,485,1,1,350982,53,3,84,1
104,5,300671,116,3,3,941734,87,2,99,1
158,10,167784,258,8,8,1313670,56,5,46,1
156,6,253787,277,7,7,1771745,95,2,73,1
169,2,158785,314,9,9,1474569,97,2,88,1
173,5,127776,463,3,3,365933,61,5,64,1
197,2,248769,263,9,9,2282883,64,4,70,1
63,3,353963,403,0,0,0,23,5,59,1
119,1,302241,178,1,1,311351,86,5,104,1
144,10,176355,437,7,7,1275293,71,4,110,1
41,8,245966,183,3,3,758387,63,2,81,1
71,8,50623,416,4,4,199168,70,1,76,1
36,3,131247,247,2,2,260259,43,5,73,1
120,7,42645,156,6,6,258021,90,1,95,1
196,10,209429,295,0,0,0,54,5,91,1
192,9,429361,359,3,3,1258835,63,1,108,1
100,6,360682,398,6,6,2254884,80,5,67,1
7,7,320322,339,0,0,0,60,2,56,1
13,5,208759,218,3,3,616100,49,3,104,1
193,7,142262,478,1,1,145804,7,3,106,1
58,2,419591,384,0,0,0,3,5,49,1
40,4,76176,293,1,1,75909,33,3,118,1
43,10,328372,433,1,1,315503,4,3,66,1
148,7,217961,417,3,3,666346,81,2,55,1
27,5,455798,401,9,9,4218124,45,5,61,1
110,6,46153,310,5,5,238203,14,4,47,1
93,8,380833,129,6,6,2289967,84,3,68,1
158,9,416135,298,7,7,2939882,42,2,101,1
23,5,472228,281,3,3,1432314,49,3,105,1
8,8,456144,217,2,2,899043,34,3,108,1
72,10,377622,192,8,8,3156334,11,2,47,1
185,7,266155,335,3,3,815379,58,1,106,1
24,5,126180,258,3,3,381627,61,5,85,1
136,6,233086,432,8,8,1902514,35,3,88,1
65,4,73258,420,3,3,225111,98,2,86,1
50,4,397241,298,4,4,1554483,13,2,113,1
76,4,199205,142,4,4,799539,36,1,47,1
14,9,163163,408,2,2,338488,74,3,108,1
121,8,240932,225,2,2,503117,62,1,52,1
17,7,267816,88,9,9,2325788,73,3,52,1
22,4,72102,336,6,6,433588,58,4,74,1
77,10,234830,207,9,9,2210712,13,2,53,1
161,4,148750,389,1,1,143897,10,2,66,1
1,7,246193,403,9,9,2112182,37,3,106,1
180,8,47318,402,3,3,146088,76,2,79,1
109,2,295507,166,2,2,565683,22,3,80,1
153,10,492970,198,7,7,3515898,90,4,61,1
70,9,293105,303,7,7,1957326,56,3,56,1
155,5,23560,97,3,3,73866,98,3,119,1
148,1,410088,438,2,2,832602,36,2,106,1
150,7,342810,467,7,7,2363185,43,3,57,1
172,2,459699,133,5,5,2297453,85,4,98,1
195,9,29239,283,1,1,28722,99,4,86,1
132,1,354803,496,8,8,2711888,67,3,105,1
160,8,337894,277,0,0,0,37,4,72,1
179,8,73662,65,9,9,640309,71,1,76,1
142,7,58868,166,1,1,59737,20,4,105,1
184,5,276795,412,4,4,1160351,32,4,99,1
142,3,211109,148,9,9,1972052,9,3,111,1
198,7,188192,454,0,8,1472841,39,5,80,1
149,8,463645,127,7,7,3195249,71,5,114,1
97,8,499083,215,3,3,1479726,100,4,76,1
12,6,400439,293,6,6,2472885,84,2,95,1
127,1,76189,308,9,9,711359,57,1,88,1
135,8,18046,420,2,2,37788,10,4,98,1
68,6,336767,405,6,6,2091796,69,4,56,1
82,8,467379,328,0,0,0,37,2,54,1
192,2,237526,101,1,1,242134,4,1,102,1
84,1,163809,234,5,5,798093,53,5,101,1
175,3,99120,140,1,1,100935,64,5,94,1
37,4,251775,377,4,4,1023902,60,3,104,1
174,9,92824,88,7,7,636717,55,3,90,1
117,5,114447,247,7,7,791624,46,5,59,1
76,5,21502,475,1,6,129862,88,1,81,1
156,8,446647,197,3,3,1358246,80,3,91,1
174,3,339382,100,0,0,0,75,3,85,1
188,3,57255,202,5,5,277709,70,3,99,1
136,9,488930,190,2,2,1023563,38,3,78,1
30,8,49478,123,3,3,146441,51,1,96,1
68,9,74796,283,5,5,369530,82,3,79,1
28,4,257189,63,9,9,2410820,29,1,117,1
163,8,486781,409,4,4,1876984,5,3,98,1
127,2,60956,171,8,8,485387,86,5,63,1
108,10,399162,423,2,2,766312,63,5,99,1
105,5,27152,404,5,5,135009,31,3,73,1
26,6,295456,381,5,5,1444171,16,4,53,1
24,4,346437,378,6,9,3207353,32,2,48,1
145,4,45971,475,8,8,357321,30,3,72,1
199,3,423476,356,0,0,0,70,3,81,1
45,2,356584,494,0,0,0,31,5,62,1
83,1,101355,186,0,0,0,15,1,62,1
122,8,417904,236,8,8,3344515,79,1,59,1
187,9,168141,285,0,0,0,55,1,53,1
126,8,48530,92,5,5,233579,80,5,64,1
141,6,209703,356,8,8,1678555,56,1,83,1
180,2,457108,386,8,8,3639148,30,4,73,1
87,8,219049,263,1,1,214942,33,3,86,1
40,8,45197,97,1,1,43373,95,3,57,1
34,9,41447,351,8,8,337213,53,3,117,1
171,7,465130,420,0,0,0,14,5,82,1
130,4,91123,387,7,7,628300,72,3,74,1
30,5,310993,166,6,6,1925375,79,5,117,1
7,10,497107,387,4,4,1943344,98,3,49,1
87,6,13201,143,2,2,26140,19,1,118,1
24,9,122791,243,6,6,711505,40,3,104,1
199,10,322592,94,0,0,0,7,1,65,1
70,8,357046,268,7,7,2442629,97,5,102,1
30,6,235398,107,4,4,957329,6,2,108,1
102,10,38721,54,3,3,119268,98,3,84,1
75,6,72906,54,7,7,491417,69,2,101,1
129,9,446917,393,5,5,2315424,6,4,55,1
5,8,492954,90,5,5,2482861,91,4,119,1
75,2,222353,61,5,5,1107328,89,3,67,1
23,7,452753,105,3,3,1344737,11,4,101,1
80,6,126167,221,2,2,255695,68,5,55,1
50,6,194077,423,2,2,374430,26,2,76,1
155,3,408571,439,1,1,413798,60,5,68,1
195,10,245355,399,9,9,2167594,57,1,87,1
121,8,341027,206,4,4,1365108,40,4,53,1
116,1,39826,239,4,4,165106,12,5,55,1
153,9,211579,287,9,9,1979594,58,5,116,1
167,4,178572,360,7,7,1307219,58,1,110,1
88,2,274528,381,2,2,560455,57,5,51,1
134,10,93228,237,5,5,461887,44,5,82,1
14,6,44556,219,1,1,44050,33,5,117,1
39,6,52730,349,2,2,110392,90,4,90,1
34,10,381633,94,4,4,1548436,43,2,117,1
172,9,58996,381,6,6,336922,40,2,111,1
55,6,411686,299,3,3,1192441,38,1,74,1
130,9,447843,429,8,8,3524260,99,5,50,1
34,10,207509,129,2,2,426269,22,4,69,1
12,7,200997,397,3,3,590022,96,4,102,1
60,9,135393,209,7,7,964650,74,4,70,1
119,5,417961,246,8,8,3499593,26,5,113,1
36,5,37357,379,7,7,272855,92,5,93,1
32,5,53974,441,2,2,112323,19,4,80,1
24,4,438187,281,5,5,2093056,65,3,49,1
61,7,52784,242,3,3,165174,92,3,49,1
38,3,30081,197,7,7,214894,58,5,63,1
2,2,19963,182,3,3,62525,78,5,65,1
109,2,416937,198,3,3,1194243,54,5,84,1
118,2,68121,479,2,7,483139,74,2,114,1
184,3,162710,270,0,0,0,24,1,91,1
135,6,45483,320,8,8,381632,71,1,110,1
100,8,32824,376,6,6,201814,46,1,93,1
89,4,394272,387,1,1,404392,18,1,120,1
91,9,187496,467,2,2,374186,24,2,105,1
17,8,29390,201,3,3,91571,41,3,51,1
132,7,437507,329,4,7,3140120,25,3,78,1
92,1,463927,386,5,5,2389071,56,4,80,1
191,8,479047,248,5,5,2441239,48,5,69,1
69,2,391200,268,1,1,410568,24,5,101,1
76,6,63790,91,5,5,317224,92,4,83,1
43,8,194311,279,0,0,0,36,1,91,1
20,7,200479,313,2,2,414938,87,4,49,1
9,3,45249,171,5,5,236413,5,5,92,1
40,8,204492,241,7,7,1379582,47,4,55,1
81,5,140868,109,0,0,0,72,1,69,1
68,5,379118,279,3,3,1184722,63,2,82,1
32,3,457126,88,7,7,3182318,12,3,68,1
171,6,382003,84,8,8,3175615,21,2,115,1
93,9,127567,113,3,3,393813,4,3,63,1
142,10,203415,290,8,8,1689849,9,3,62,1
102,8,285615,261,6,6,1649482,41,1,119,1
116,8,366572,315,5,5,1842263,76,2,62,1
197,3,236816,308,0,0,0,22,2,61,1
83,4,191415,316,4,4,742407,71,3,56,1
33,5,332137,324,1,1,321131,75,2,110,1
44,10,387819,360,5,5,2002161,4,1,118,1
12,10,148755,384,3,3,451535,4,4,119,1
161,9,161871,379,4,4,667212,88,4,107,1
77,8,48258,403,0,0,0,60,2,66,1
88,10,85323,211,5,5,410862,48,5,90,1
144,2,177308,174,7,7,1234900,19,1,61,1
13,5,211405,493,9,9,1990677,21,3,99,1
148,6,109527,441,2,2,218327,40,4,109,1
6,2,216172,309,7,7,1525815,7,1,76,1
73,8,323271,482,7,7,2151602,14,4,82,1
35,5,391423,238,5,6,2325189,73,5,92,1
50,6,300048,198,1,1,298558,71,3,95,1
160,10,72291,116,1,1,74422,44,5,96,1
94,3,114363,359,8,8,872841,5,2,97,1
183,6,431509,293,8,8,3488753,66,2,104,1
84,10,177001,134,6,6,1044628,66,5,84,1
126,10,167176,294,0,0,0,54,5,93,1
79,1,322952,293,4,4,1256611,7,5,120,1
123,3,284848,373,9,9,2646094,32,1,94,1
147,2,110025,60,7,7,743329,89,2,86,1
106,9,416308,364,7,7,2808687,27,5,53,1
84,8,285501,243,5,5,1486335,44,5,68,1
91,5,329855,298,3,3,995313,29,3,77,1
198,5,379571,157,7,7,2616824,93,3,86,1
74,2,310667,397,8,8,2564463,99,2,94,1
75,1,160801,416,1,1,163309,96,4,90,1
55,4,444085,326,4,4,1735772,14,5,117,1
190,10,135452,175,0,0,0,7,1,113,1
106,6,386102,292,0,1,404037,21,4,63,1
168,8,260320,384,3,3,764201,8,1,82,1
167,10,131750,324,0,0,0,23,1,68,1
102,8,107680,434,1,4,422036,78,1,50,1
86,5,248209,379,8,8,2062966,18,5,113,1
120,5,111088,465,1,1,113655,83,3,88,1
184,3,17384,428,5,5,88435,25,2,83,1
157,7,443580,269,8,8,3513449,13,2,87,1
36,8,179660,178,0,0,0,97,3,79,1
85,5,315377,421,9,9,2882014,89,2,47,1
16,2,254001,208,2,2,508130,91,3,97,1
177,2,344868,202,5,5,1803204,62,2,74,1
117,10,205887,263,8,8,1653275,86,2,106,1
196,4,366695,437,9,9,3282680,91,3,56,1
20,10,68829,82,8,8,554635,20,2,110,1
84,9,241651,110,3,3,695298,66,4,120,1
15,8,79176,313,6,6,454046,60,3,104,1
186,1,217591,181,0,0,0,55,3,73,1
180,2,293725,81,1,1,287471,24,2,106,1
197,7,206325,246,7,7,1383651,85,5,94,1
35,6,72197,142,8,8,556052,29,1,96,1
194,1,166428,288,8,8,1315350,30,2,100,1
118,6,91328,192,3,3,282463,54,5,60,1
197,1,136178,156,1,1,129826,77,1,58,1
63,1,220902,275,3,3,679564,100,1,115,1
36,9,161657,170,9,9,1469159,87,3,86,1
61,5,469411,124,8,8,3680370,8,5,74,1
152,3,338200,398,6,6,1937253,45,4,117,1
135,6,375066,264,6,6,2222594,97,5,65,1
122,4,455299,166,4,4,1896728,72,4,64,1
107,9,287868,119,6,6,1675968,83,1,77,1
116,6,58477,325,3,3,173276,78,5,52,1
11,2,108651,462,9,9,975844,43,3,117,1
4,4,109627,430,1,1,111771,91,2,107,1
102,4,299448,215,4,4,1201822,46,3,94,1
67,6,278863,305,7,7,1946085,41,2,58,1
95,6,227018,74,9,9,1970818,34,5,74,1
150,10,387493,264,4,4,1523601,49,5,65,1
63,8,298695,386,5,5,1541503,93,4,78,1
118,3,394183,458,5,5,2014336,63,2,67,1
139,1,284697,68,1,1,270643,18,2,52,1
18,3,14792,162,8,8,113134,82,5,104,1
124,8,18247,54,8,8,138850,68,3,116,1
138,5,18987,308,6,6,118684,68,2,68,1
62,4,334943,320,4,4,1379286,11,3,91,1
104,8,306223,175,3,3,948807,11,1,84,1
24,7,208843,244,7,8,1693591,90,2,106,1
22,8,453196,273,5,5,2355438,6,2,118,1
55,10,259299,189,0,0,0,70,5,55,1
169,1,104033,486,5,5,524692,97,4,48,1
20,5,95170,339,3,3,290564,70,3,118,1
99,3,424448,403,1,1,444580,7,1,110,1
112,4,449707,89,5,5,2209495,82,3,96,1
116,8,129610,233,8,8,1004294,75,4,94,1
22,10,164863,459,3,3,483113,49,2,55,1
190,7,176030,235,0,1,183827,57,3,57,1
195,5,63598,118,1,1,63272,72,5,69,1
105,2,23768,96,5,5,119991,42,4,116,1
4,5,226955,249,1,1,228588,22,4,117,1
44,3,150990,205,4,4,577583,56,3,109,1
108,5,263876,451,1,1,275597,93,4,92,1
153,10,112523,285,1,1,106972,51,3,63,1
159,7,431567,492,5,5,2142863,84,5,102,1
35,5,178120,359,3,3,517134,51,3,107,1
75,8,311926,451,3,3,915218,51,3,87,1
30,10,114752,354,8,8,942583,4,4,69,1
182,4,239876,459,4,4,976101,18,3,54,1
62,5,355329,129,6,6,2121115,77,4,94,1
150,7,290162,310,4,6,1791585,47,5,115,1
153,2,67341,444,3,3,204992,6,5,91,1
166,7,404622,220,1,6,2330284,29,5,59,1
192,9,302549,348,9,9,2688664,60,5,74,1
177,9,89033,227,0,0,0,11,1,107,1
187,3,192624,210,5,5,934887,62,3,104,1
122,2,239725,420,7,7,1644557,91,1,86,1
6,6,349722,106,2,2,676673,21,3,77,1
144,7,252249,169,6,6,1534755,56,4,69,1
8,10,472997,152,7,7,3146903,28,2,100,1
72,2,312696,103,8,8,2458036,59,1,69,1
68,8,286674,378,5,5,1417967,15,3,95,1
91,8,333675,139,4,4,1285843,16,2,56,1
79,2,105968,242,2,2,210203,18,5,111,1
99,7,107388,300,8,8,830484,37,2,68,1
48,6,451442,281,9,9,4246560,63,2,52,1
50,7,304430,309,7,7,2129246,91,4,98,1
126,3,53343,340,0,0,0,29,5,74,1
74,3,419332,285,9,9,3778066,74,1,109,1
69,9,441637,238,8,8,3610463,70,2,51,1
109,2,395870,475,3,3,1181640,45,1,84,1
113,2,416654,466,3,3,1260952,45,5,72,1
162,7,97022,366,2,2,199970,73,3,72,1
137,5,322925,326,2,2,632457,74,3,87,1
132,2,81087,435,6,6,504379,17,2,53,1
64,3,382975,215,3,3,1107813,81,3,96,1
161,7,206698,282,1,1,207020,36,3,57,1
117,8,181593,348,0,0,0,82,3,57,1
17,9,218517,162,6,6,1280754,37,3,73,1
141,10,78468,340,7,7,563680,6,1,89,1
161,8,18536,114,2,2,35220,55,2,102,1
177,3,472499,383,4,4,1813137,47,3,66,1
22,6,358393,383,2,2,725789,93,2,52,1
110,2,378940,99,0,0,0,76,2,73,1
133,8,14869,55,5,5,75787,62,1,61,1
59,7,56835,425,1,1,56082,39,2,59,1
98,3,346370,397,2,2,697124,79,2,54,1
113,6,388762,160,2,2,792029,28,1,98,1
26,3,404498,114,9,9,3809126,41,2,95,1
64,5,347966,94,3,3,1054337,78,3,116,1
200,1,454539,484,4,4,1837596,25,4,72,1
76,1,420937,457,3,3,1213907,64,5,109,1
19,9,475947,57,5,5,2352805,73,4,86,1
94,9,368058,139,2,7,2598914,2,3,55,1
56,1,493697,81,6,6,3000266,65,4,110,1
109,7,53215,378,8,8,410933,11,3,114,1
21,9,492829,155,2,2,974887,82,1,114,1
80,7,392708,484,3,3,1129374,56,1,53,1
117,10,329203,79,4,4,1252639,18,1,68,1
42,8,191773,318,8,8,1514526,96,3,79,1
188,2,414451,66,5,5,2077198,34,5,100,1
161,2,270124,284,7,8,2160907,73,2,92,1
95,3,143754,446,1,1,146956,30,5,119,1
1,1,460200,492,0,0,0,50,2,77,1
46,1,299860,462,6,6,1753868,93,3,74,1
70,2,309649,241,1,1,322095,23,2,110,1
133,1,220200,86,7,7,1594554,42,1,82,1
142,8,14178,239,3,3,43744,95,5,83,1
63,8,203081,353,7,7,1478492,98,2,71,1
39,1,498844,260,0,0,0,89,1,75,1
86,1,407897,387,6,6,2375231,31,4,85,1
126,1,84644,415,4,4,352839,67,4,57,1
180,6,250364,433,1,1,250499,82,4,120,1
20,10,307701,82,6,6,1807745,41,4,62,1
180,6,176753,282,4,4,738371,18,5,75,1
28,3,65395,135,7,7,453485,69,3,105,1
198,4,246934,208,7,7,1657740,88,3,79,1
181,10,31144,161,5,5,159008,46,4,64,1
132,1,365039,204,3,4,1526169,58,5,68,1
192,9,140994,99,7,7,949597,8,2,59,1
34,4,441842,256,5,5,2228235,10,1,56,1
17,4,483167,381,7,7,3519173,43,1,62,1
11,8,36548,137,9,9,325478,4,4,101,1
175,7,100600,232,3,3,295156,20,1,69,1
158,10,333473,176,4,4,1384950,62,1,109,1
23,5,210810,121,6,6,1313513,68,2,71,1
162,9,426728,60,6,6,2571766,63,3,91,1
145,9,178613,249,3,4,701511,29,1,69,1
200,5,40718,465,7,7,292631,30,2,113,1
26,4,354386,174,4,4,1354592,29,5,114,1
100,6,449994,483,2,2,908314,95,3,68,1
152,1,378811,409,5,5,1826267,25,4,118,1
139,5,102042,302,0,0,0,29,1,57,1
135,8,10358,220,9,9,91737,23,3,71,1
16,1,87443,300,18,360,32343171,68,3,117,0
19,6,379380,482,75,339,123478701,39,3,50,0
35,3,393963,485,81,223,91900838,84,3,101,0
45,9,373625,455,100,475,174930931,86,5,78,0
45,7,170863,375,16,352,58205391,1,5,37,0
101,10,26977,93,78,308,8077010,73,1,40,0
128,3,183627,381,39,39,7506906,22,1,30,0
182,6,244162,5,31,135,33598614,45,3,26,0
28,1,35243,197,53,224,8264761,53,4,93,0
97,6,296273,192,51,51,15546191,74,2,106,0
42,8,48644,409,37,433,20051999,34,1,4,0
19,6,99184,454,93,192,18233991,12,3,20,0
153,10,478307,247,55,360,179808956,22,5,3,0
112,3,38078,51,24,169,6376801,71,5,26,0
68,5,165923,121,49,49,8188577,63,2,6,0
14,6,12000,218,44,44,534604,62,2,37,0
25,1,118502,87,10,326,38529551,15,3,37,0
102,8,266427,458,11,338,91329865,50,2,33,0
95,7,203672,95,33,228,46157387,34,2,5,0
69,10,42316,77,85,385,15634621,86,3,89,0
139,7,406601,301,7,116,48773110,67,4,70,0
138,8,310267,451,38,120,35664403,92,1,60,0
129,10,482097,264,86,409,206696519,19,1,73,0
194,8,100638,485,24,85,8234460,55,1,27,0
175,7,115863,421,76,321,36291553,94,1,18,0
23,7,301695,203,35,282,85245493,2,5,41,0
151,9,419828,214,19,57,23088331,76,5,53,0
195,2,494928,54,12,288,146612261,69,3,99,0
106,5,210825,335,77,248,52143675,23,3,73,0
104,3,334138,311,51,348,110916986,43,2,88,0
13,8,492782,137,2,459,222519680,39,3,47,0
72,8,459962,356,29,350,155100793,96,4,12,0
199,6,151253,373,82,213,30893699,57,2,77,0
105,8,408193,264,7,444,181514436,21,1,47,0
80,9,221489,69,67,399,91726429,4,2,108,0
50,4,448816,29,58,127,54437836,47,2,4,0
71,6,441754,237,81,258,118794408,88,1,50,0
62,6,266265,304,60,228,61235856,45,3,22,0
42,5,402671,425,36,352,135042266,7,2,11,0
147,4,459373,113,86,331,147593235,84,4,28,0
132,1,463315,399,87,495,218077945,17,2,98,0
154,1,127319,129,39,311,40438580,91,3,103,0
109,7,456476,178,27,235,106914623,87,5,32,0
160,7,316439,339,47,494,157281568,77,5,107,0
73,5,368829,55,43,246,95162927,82,3,8,0
71,5,353995,364,83,487,168926813,20,5,114,0
196,4,481695,29,76,412,196555093,41,2,109,0
185,1,353618,254,53,151,52886911,95,1,33,0
150,10,437826,97,91,175,74492309,69,4,92,0
172,6,275979,153,84,432,123711609,24,3,21,0
25,8,77079,379,71,132,10441932,24,3,92,0
168,2,126524,181,39,114,14309027,43,3,95,0
67,10,164167,237,60,435,68225334,82,5,15,0
149,10,47337,241,64,455,20719481,88,4,24,0
136,5,226587,27,19,445,97174724,26,3,109,0
105,10,478107,464,40,234,115931394,24,1,18,0
125,6,340842,90,7,160,51833688,36,2,81,0
195,3,312136,391,81,81,25949398,12,2,62,0
158,7,342129,219,61,206,69656204,5,5,54,0
52,6,17380,456,67,164,2762124,87,1,96,0
161,4,128628,355,39,449,55610899,50,5,44,0
151,5,97566,33,38,421,42917362,59,5,5,0
153,9,187122,222,17,454,83617350,63,3,87,0
193,4,96446,485,51,464,42598981,29,2,117,0
55,1,319168,258,46,86,28027912,5,4,15,0
164,5,414356,273,76,319,138718225,85,1,6,0
168,1,35289,353,56,59,2057119,71,3,53,0
122,3,117738,355,1,351,40504131,85,1,80,0
170,9,151545,318,17,310,46597601,14,5,89,0
185,10,71726,144,13,58,4159167,78,2,100,0
200,5,445944,267,45,498,226598037,38,2,25,0
11,9,270232,466,61,106,28159362,1,1,88,0
172,2,485466,56,85,427,207171762,12,5,73,0
20,2,484364,131,58,329,167142928,38,3,29,0
119,1,62328,416,5,89,5742591,47,3,111,0
110,2,59806,435,5,388,22066935,18,2,113,0
85,6,478990,224,34,489,243090995,12,3,79,0
88,3,69680,205,34,204,14691920,89,4,58,0
108,3,69274,67,7,356,25849167,21,1,92,0
107,10,263060,410,56,291,74110494,49,3,86,0
157,1,462238,350,93,450,217855083,17,4,107,0
125,2,475354,210,8,225,104404988,41,1,5,0
181,9,412406,380,72,295,118301776,86,3,92,0
133,9,370836,358,55,316,119079199,32,4,12,0
89,7,87937,429,78,423,35540454,83,2,71,0
130,8,456625,253,9,445,208307135,42,2,21,0
85,5,36398,259,82,114,4099014,31,1,70,0
118,8,430091,293,63,229,97969508,16,4,11,0
191,1,63814,206,71,211,13530864,12,5,4,0
159,5,476674,260,83,287,139151300,44,3,26,0
14,4,452665,232,98,169,77416538,61,3,71,0
184,8,69781,49,28,388,25727224,46,3,84,0
141,9,206026,359,21,54,11116973,92,4,5,0
28,5,330262,100,50,96,30803424,25,3,15,0
28,7,34379,474,86,324,11237720,99,4,107,0
118,10,274344,68,0,493,135662274,7,5,63,0
111,10,263195,473,22,260,69743322,23,2,99,0
27,7,354730,307,41,310,110011497,50,4,112,0
156,4,153443,203,37,493,75290689,18,2,43,0
106,10,377009,453,38,383,149348251,71,3,65,0
183,9,341655,111,79,102,35595914,88,3,26,0
173,3,382452,332,64,499,191654470,82,3,22,0
182,2,408865,180,74,287,118173153,86,4,61,0
173,9,159908,449,1,433,69397546,4,4,54,0
38,1,361406,28,96,102,37915981,37,3,34,0
38,1,372070,401,96,151,56413885,46,4,26,0
27,10,465100,345,28,378,180069604,72,4,71,0
61,9,421202,407,36,408,175166030,7,4,89,0
100,7,423197,499,70,350,141509914,96,3,40,0
52,10,465527,399,56,440,211590993,82,3,111,0
194,10,296583,378,99,308,93402103,25,3,25,0
115,3,367909,38,94,95,34999751,49,1,22,0
110,5,301817,135,66,66,20609179,1,3,20,0
120,3,30940,78,76,475,14036414,81,5,41,0
170,5,267189,404,45,293,74942615,91,3,70,0
135,4,106400,266,34,34,3494373,70,5,100,0
104,2,193187,113,84,452,85852522,47,3,27,0
56,10,288134,243,96,287,86673162,2,1,105,0
172,6,243657,123,78,463,117535633,32,1,82,0
175,6,209949,468,14,407,84474061,70,3,120,0
7,9,441021,394,65,191,83776409,6,3,65,0
167,4,177936,263,21,42,7825774,99,5,12,0
137,1,338693,33,80,107,37231617,88,4,85,0
27,4,291938,424,94,359,107690066,83,1,112,0
192,3,22453,235,4,367,7900357,7,2,42,0
65,9,46931,294,33,420,19528954,58,4,29,0
111,6,18855,199,68,344,6165640,93,5,15,0
17,10,33863,358,45,434,15325624,14,3,9,0
176,5,328015,44,56,144,46674026,85,1,97,0
122,3,289690,112,50,69,20581812,70,3,95,0
163,3,166267,346,93,454,76601950,2,5,117,0
143,3,74610,21,2,2,147639,71,1,73,0
79,4,402322,379,44,462,180514738,83,5,92,0
37,3,106465,113,32,315,32511352,24,5,106,0
14,9,251835,330,37,281,71980576,33,1,9,0
51,10,265428,487,16,169,45625718,31,1,45,0
73,10,46599,460,62,99,4590532,79,3,40,0
178,10,89898,289,40,290,27266163,22,1,46,0
81,4,421912,113,82,364,152594987,47,2,94,0
174,6,470265,245,45,236,114031973,63,5,57,0
28,3,348454,310,35,41,14799094,18,5,107,0
51,5,394588,453,93,320,120906813,3,5,9,0
162,1,436058,297,98,296,130235295,5,5,51,0
67,9,478706,276,99,241,111314489,51,2,83,0
198,10,394422,438,59,148,58381012,12,4,17,0
94,9,15553,339,78,122,1932410,97,5,108,0
36,8,93478,91,84,289,28020632,19,4,72,0
92,1,124724,389,8,249,30324456,30,1,29,0
172,4,281521,464,49,405,113670242,59,1,46,0
11,6,64119,360,81,495,32785168,95,3,66,0
149,9,308928,89,48,192,58515194,84,1,83,0
133,5,207304,498,66,464,95283361,45,4,28,0
124,10,13459,256,56,451,5867031,10,5,17,0
165,5,120895,76,46,95,11602195,16,2,20,0
107,6,387621,58,61,246,95154722,76,2,86,0
166,7,21768,124,22,22,483318,18,5,16,0
11,10,86999,28,23,85,7407220,52,5,33,0
145,1,470591,368,36,372,182889471,28,4,84,0
156,8,464716,246,52,87,40837985,75,2,28,0
160,9,148685,85,43,370,57336953,77,5,87,0
18,4,208291,197,2,67,13540109,65,4,13,0
39,10,60488,90,78,243,14845296,69,5,115,0
193,2,58858,246,77,337,19913070,1,4,16,0
134,7,204184,447,22,22,4460134,62,4,89,0
90,10,431853,379,89,464,201905099,55,2,97,0
66,8,411530,119,10,465,187214009,70,4,109,0
66,4,12867,363,0,380,4927591,16,5,101,0
2,7,353170,105,40,352,123182639,14,2,102,0
110,10,142976,133,54,437,62884574,79,3,68,0
175,7,405822,104,100,211,86121342,23,3,70,0
144,9,263629,129,44,157,42524637,51,2,73,0
169,2,402070,117,89,228,95790278,13,2,100,0
131,7,422132,173,78,410,176484673,91,1,70,0
42,7,343382,2,18,411,140730161,77,4,11,0
23,2,147935,113,77,189,26667292,50,4,10,0
158,9,160192,364,7,493,82494681,23,4,76,0
113,1,115752,435,66,336,38060394,5,5,119,0
131,9,376188,118,86,314,112642845,31,1,21,0
41,2,154670,399,85,204,31221828,76,2,45,0
133,1,396361,360,11,35,13941433,93,5,117,0
150,6,192177,493,28,417,80990182,25,4,35,0
104,10,12438,133,64,89,1063418,10,5,52,0
76,6,71346,411,68,262,19278007,74,3,32,0
178,8,207698,288,31,247,52622280,100,4,98,0
175,8,480036,300,61,441,203572434,9,4,3,0
163,4,364897,359,40,117,42319069,46,5,102,0
138,1,377430,426,36,134,48517239,87,3,31,0
20,9,498319,91,45,243,117683591,74,3,40,0
47,4,271619,377,94,102,26990502,34,2,30,0
59,4,447749,127,45,428,185044188,14,1,79,0
21,8,331822,3,69,391,135684514,62,3,109,0
159,6,268128,459,73,451,125385091,63,2,114,0
196,9,156940,203,73,113,17074943,68,4,96,0
123,9,27072,257,87,177,4923950,59,1,50,0
179,9,251209,161,1,352,89965084,49,5,1,0
26,6,199583,313,23,441,88443539,31,3,33,0
121,10,189881,187,54,94,17332148,90,3,63,0
94,7,156606,230,16,92,15098275,88,2,73,0
26,5,431573,120,48,284,118841478,95,2,55,0
122,1,102593,215,80,255,26205707,93,3,17,0
125,5,141582,287,6,439,61523020,89,2,72,0
16,4,436675,130,80,243,101828302,96,3,107,0
67,6,198904,286,32,285,55804108,53,1,119,0
90,10,114311,295,83,294,33736615,100,3,83,0
91,6,362946,261,94,249,89893942,11,4,99,0
158,5,253139,323,21,489,125525148,44,4,18,0
162,10,309702,207,9,434,128753483,44,2,116,0
81,6,352366,149,77,363,129758986,35,4,34,0
200,6,402112,300,52,266,103403366,3,2,57,0
187,4,357090,128,89,481,176049826,27,2,95,0
102,2,60097,32,60,479,28925886,4,4,112,0
135,2,64488,134,10,316,20693729,50,3,19,0
59,4,396711,145,16,226,86350838,22,1,80,0
9,6,461081,468,60,166,76288346,70,3,110,0
141,8,80839,496,69,485,37940675,77,4,89,0
162,10,238053,268,68,327,76361671,45,4,81,0
139,4,431898,45,46,226,96751978,20,3,39,0
3,1,284368,417,17,388,108612291,61,5,108,0
3,8,406085,244,98,153,61698792,38,5,1,0
60,1,297421,191,71,96,28372839,32,2,52,0
184,7,444334,193,10,112,49378429,31,5,33,0
196,10,433401,355,36,350,153942300,69,3,34,0
106,4,457470,35,37,93,40886982,59,5,17,0
116,5,377249,318,41,251,90138678,7,5,24,0
6,3,63620,144,91,137,8662264,2,2,16,0
24,3,17720,252,53,111,1929858,64,3,43,0
119,1,183145,41,18,431,75431061,100,4,96,0
19,9,256492,92,32,98,25933664,2,1,114,0
197,4,211744,394,31,499,108170944,5,2,56,0
118,2,283226,340,49,106,30566681,40,3,60,0
41,1,400450,479,15,281,109750565,82,3,66,0
51,6,475315,26,27,442,220032208,31,4,85,0
84,1,97745,406,15,141,13638447,32,1,74,0
11,10,420766,353,76,243,98718563,99,1,88,0
64,3,272101,46,43,351,99622377,98,1,79,0
16,6,347942,78,13,359,120237344,30,3,68,0
143,6,432327,456,24,224,92205969,49,3,93,0
186,3,141437,460,20,20,2811060,38,5,62,0
179,8,109497,290,44,95,10218804,60,3,69,0
154,9,94066,35,57,271,24971017,34,5,19,0
94,8,10377,397,48,326,3461946,3,5,64,0
94,10,135192,164,84,369,52216331,50,2,8,0
135,8,411465,282,36,78,31524917,83,3,78,0
29,2,284307,337,16,34,9355796,5,2,5,0
28,8,110462,50,16,16,1826829,85,4,73,0
135,10,377690,302,46,131,48095599,92,1,6,0
4,4,353801,251,10,475,167518691,82,1,113,0
93,9,399796,480,47,455,187259791,8,5,53,0
69,9,31313,375,36,36,1079690,28,5,106,0
25,2,390198,118,24,272,102876814,85,2,49,0
146,3,302774,383,95,285,82886548,82,5,53,0
92,8,378338,340,13,218,79729604,24,5,113,0
103,9,186953,336,76,80,14871007,46,3,68,0
141,6,452946,190,81,211,94908225,93,3,97,0
156,4,305250,279,98,109,33439405,96,3,48,0
93,8,244618,491,92,203,47346708,37,5,0,0
5,9,80823,455,38,154,13049655,28,3,0,0
6,5,491879,283,73,261,133848429,20,1,71,0
10,8,196466,79,46,70,14288456,32,2,33,0
66,5,58184,292,27,204,12147598,93,3,72,0
124,3,265997,422,89,460,123291389,13,5,88,0
165,5,29593,374,48,413,11706727,8,3,73,0
90,7,228377,476,98,444,98628321,84,5,15,0
3,7,38378,156,40,268,10326372,20,3,5,0
129,4,90319,25,50,344,32533245,97,5,93,0
148,9,57229,113,100,221,12513952,17,3,37,0
22,8,309599,381,25,25,7556195,52,5,70,0
112,3,409524,69,25,246,100620613,84,5,71,0
51,9,332959,376,31,268,85410662,100,4,31,0
83,10,56973,57,54,343,19278448,25,3,52,0
89,10,353623,12,21,394,146121792,79,4,39,0
160,3,240929,22,29,473,110537047,48,2,104,0
194,2,68915,378,27,27,1940106,37,1,31,0
88,2,169969,230,42,241,39770558,69,2,2,0
53,9,284342,384,61,132,37994959,19,1,70,0
97,10,485026,339,32,269,126170588,37,2,5,0
179,10,152229,27,1,238,34660264,85,3,83,0
170,6,463132,55,9,9,4120888,49,5,37,0
182,2,483889,161,76,248,120383213,24,2,110,0
129,8,303961,474,5,364,107846905,68,3,2,0
86,8,216254,381,44,80,17619184,46,3,2,0
61,9,154639,415,31,31,4975339,4,5,80,0
72,4,89538,174,84,459,39607158,94,4,50,0
134,10,467546,320,53,351,159847742,20,4,29,0
80,10,182640,229,26,277,51362658,75,5,16,0
176,4,462244,70,90,158,75946024,18,4,88,0
198,3,354054,477,20,289,100454197,72,5,117,0
185,2,106539,162,18,429,46743103,98,3,112,0
106,7,169041,226,81,381,67194951,36,2,119,0
200,4,65978,67,94,94,6503318,79,3,3,0
156,10,331054,118,29,305,102863452,46,1,29,0
177,8,80300,257,60,433,35507088,48,2,77,0
100,8,258432,70,28,83,20446495,98,1,24,0
70,7,126682,380,96,343,42168191,23,4,25,0
158,8,370638,166,31,443,163003151,100,1,58,0
156,7,387592,160,95,201,78466404,69,5,78,0
165,1,282970,55,5,231,67835468,32,5,58,0
138,7,395440,20,66,285,115688762,7,2,49,0
75,8,218687,452,36,155,33765465,55,3,99,0
157,1,371734,264,59,462,177406735,58,1,18,0
185,9,69334,92,89,398,27722992,51,4,74,0
83,8,23061,91,91,232,5561908,59,1,75,0
65,6,372659,332,20,464,176689775,16,1,91,0
30,8,342436,185,43,43,14554069,66,5,67,0
41,7,298539,194,21,22,6838619,73,2,98,0
42,3,103777,393,53,364,37049786,94,4,6,0
74,3,71632,460,0,67,4858164,33,1,25,0
118,8,458481,255,0,278,128834056,64,2,103,0
56,10,355752,243,56,232,79063105,77,1,52,0
63,9,155811,317,26,321,47759233,19,1,71,0
168,6,29252,74,85,437,12882950,78,3,4,0
85,2,35706,55,20,213,7736259,79,5,22,0
147,9,103018,494,74,233,23667602,5,1,95,0
197,5,179251,188,8,459,84402571,71,1,48,0
75,8,80540,62,35,355,28103378,53,5,110,0
54,4,330892,29,55,55,19071431,68,1,73,0
124,10,499628,403,54,361,182328891,41,3,36,0
135,10,336759,181,78,474,160623558,67,4,16,0
127,3,473294,312,37,119,59021260,1,1,90,0
7,8,337921,407,26,60,20882634,54,4,94,0
12,6,193317,286,27,412,75754252,26,3,81,0
66,2,171361,153,41,259,45567656,15,3,70,0
88,7,389792,291,22,315,119027466,44,4,3,0
122,1,348507,69,80,246,85395088,69,3,19,0
119,7,496429,380,28,28,13621099,93,3,106,0
143,9,19813,106,42,295,6019908,46,1,87,0
39,5,450789,15,80,173,78253781,22,5,48,0
156,7,108240,304,59,59,6546797,91,3,110,0
182,1,152342,211,30,44,6616969,39,2,63,0
135,5,101757,57,4,191,19975488,12,4,100,0
130,1,428919,247,19,463,192437426,62,5,64,0
80,6,85127,393,66,446,38637578,17,2,12,0
186,1,250841,198,66,365,88039675,40,1,110,0
176,10,467113,44,5,170,76257480,99,3,59,0
6,10,407669,159,26,327,130919959,25,3,114,0
71,9,177326,395,15,225,38991277,21,3,85,0
30,1,336602,286,26,263,88902817,71,3,13,0
70,3,379284,411,31,145,53188317,40,5,73,0
87,9,242599,25,60,66,16657267,7,1,3,0
99,1,55151,218,90,200,11136223,76,4,22,0
158,6,173808,170,91,418,74529083,69,1,25,0
194,8,307685,67,47,47,14415318,59,3,104,0
176,8,256701,118,18,485,128995633,79,3,28,0
94,7,106129,358,42,469,51211882,42,4,85,0
125,1,44270,243,57,57,2513609,22,3,44,0
197,6,326900,294,13,65,21048096,92,1,65,0
84,9,350499,36,68,405,141398124,76,4,38,0
62,10,137764,280,49,81,10674655,27,5,61,0
111,7,307382,403,88,175,52372575,85,1,69,0
190,10,448697,249,58,58,25927897,72,1,75,0
114,3,171499,489,76,207,34111324,77,4,8,0
84,8,348160,338,27,31,11135133,75,1,11,0
194,3,356492,76,37,231,81443663,74,4,68,0
51,4,367311,449,72,162,61255873,87,3,38,0
112,6,56812,261,16,206,12115818,8,3,108,0
141,1,10442,360,45,286,2869851,37,1,105,0
61,7,378166,302,40,201,77621086,52,4,80,0
112,9,120738,339,17,88,10293686,50,3,60,0
107,3,161241,446,17,343,52604549,83,1,16,0
37,8,354943,223,10,499,170691127,54,4,17,0
179,10,497750,217,58,319,158931742,71,4,23,0
99,6,128353,95,0,217,28069679,94,2,77,0
183,9,151164,210,73,474,70698553,5,5,69,0
124,6,69330,297,10,246,16444753,94,5,88,0
193,5,253760,264,40,40,9732656,61,1,66,0
176,9,428433,296,6,159,70870104,69,1,78,0
121,8,278783,463,93,240,65780615,46,3,73,0
75,3,28521,355,95,472,13198153,73,3,76,0
16,8,313112,86,84,293,96240511,95,5,6,0
7,5,264153,42,9,64,17499938,36,3,64,0
34,10,157310,140,1,439,70726377,78,2,32,0
152,3,355587,228,22,189,65601418,90,2,103,0
125,3,429101,270,43,441,198393800,19,5,4,0
40,8,404663,211,30,394,161998856,93,2,49,0
54,10,395016,431,82,176,67884827,15,1,6,0
43,8,219057,243,95,154,35246945,69,2,60,0
98,7,258821,134,55,74,18217837,58,4,67,0
174,6,288005,349,12,489,146717270,82,3,5,0
111,10,491318,333,42,439,210734798,13,3,34,0
168,10,215077,236,95,395,82761840,87,5,86,0
198,4,282604,172,23,346,95955118,2,1,88,0
18,1,225612,50,87,268,60137160,29,3,13,0
65,4,27847,12,7,317,9214589,85,2,11,0
154,2,381235,490,61,61,22394671,85,5,11,0
48,2,374722,94,59,129,49114874,10,4,37,0
71,7,372923,462,98,341,124921030,21,1,98,0
71,1,210696,198,33,170,37450223,34,2,7,0
113,2,267803,475,50,102,26437541,63,1,78,0
37,9,413024,220,82,111,44040489,57,3,78,0
27,1,48230,36,32,292,14473597,3,4,93,0
39,1,499104,19,34,340,163783300,43,4,49,0
148,1,280209,362,62,481,134485891,52,1,98,0
139,4,11734,196,99,488,5715922,73,5,88,0
92,6,367478,155,80,205,79077158,83,1,7,0
94,9,457397,491,58,174,81659947,38,2,10,0
46,9,30620,495,24,196,5880811,50,1,84,0
162,6,265067,43,56,453,122901014,18,1,80,0
50,1,387350,303,49,122,45191547,70,3,62,0
128,9,447387,415,4,230,101245269,44,1,2,0
104,2,120980,413,66,334,40239105,87,5,85,0
39,10,132151,473,36,36,4586924,84,1,4,0
121,10,34013,124,16,359,11617674,81,1,83,0
79,2,249172,312,75,87,20732712,14,1,106,0
128,10,428997,315,25,112,47693127,95,4,8,0
84,2,368659,294,41,279,106316210,28,1,17,0
152,3,185900,32,18,61,11631959,22,3,35,0
142,3,239984,124,5,473,109350735,81,5,74,0
97,3,18194,450,0,249,4307063,12,5,10,0
73,7,373595,413,60,405,154216471,27,2,98,0
164,5,284248,230,22,210,60351904,5,5,30,0
47,8,330890,486,45,45,14594035,54,1,80,0
143,4,110612,60,79,271,29561889,98,5,12,0
130,4,253382,394,26,320,79269456,25,1,84,0
39,8,270841,90,5,81,20959741,47,3,85,0
54,7,141796,171,97,315,44456470,14,1,103,0
138,3,92861,402,14,14,1250140,31,4,62,0
152,10,180903,214,86,101,18999077,30,1,95,0
84,4,61413,121,25,377,22864524,29,1,52,0
121,10,263969,27,18,455,116696871,79,4,55,0
46,7,205813,69,24,234,48796058,35,2,92,0
86,3,26826,354,35,291,7522605,60,4,7,0
108,3,408636,175,37,112,46241545,82,5,113,0
44,10,299803,437,52,117,36329106,63,2,11,0
152,8,448823,236,93,142,63274692,32,2,1,0
84,7,313807,113,75,456,149481684,74,1,118,0
107,1,31002,240,64,375,11083548,68,4,98,0
123,2,247209,253,71,123,31176235,89,4,10,0
56,3,197907,151,11,122,22975884,86,3,82,0
42,8,459798,292,3,382,184010825,60,2,74,0
181,7,106964,404,80,446,47535613,82,1,47,0
161,2,211787,457,67,353,71267344,55,3,42,0
179,10,294392,294,100,406,121730328,80,3,26,0
189,1,279870,484,46,465,135188677,15,4,86,0
94,8,334604,20,22,187,63498078,91,1,46,0
144,4,82564,171,14,122,10222931,95,5,69,0
180,4,404879,381,41,389,155178170,35,5,28,0
175,7,155303,27,32,32,4946045,65,5,47,0
32,8,382152,272,68,347,137903736,58,5,105,0
95,2,108751,456,11,452,47091760,23,3,58,0
20,2,96384,141,18,57,5491871,27,5,89,0
161,1,163705,213,69,496,84703158,61,3,87,0
108,8,396772,330,10,10,3794310,30,5,37,0
166,6,225845,296,82,175,40656487,63,5,83,0
171,9,451402,280,38,227,103157370,40,2,58,0
67,4,263882,190,98,497,135680743,19,3,36,0
73,8,97222,316,91,473,46148413,24,2,20,0
182,3,94543,121,40,59,5619607,57,3,5,0
95,3,117560,287,85,362,41777692,45,2,4,0
96,8,293045,499,38,83,23402095,4,4,68,0
128,3,250145,475,0,163,42690608,70,5,19,0
85,5,258465,458,96,148,40091593,74,2,120,0
145,8,187568,352,57,57,11119217,18,5,93,0
30,5,23000,205,28,316,7228732,12,3,107,0
15,10,346232,99,28,298,106079337,99,3,67,0
51,1,53824,275,86,434,23760368,12,5,57,0
101,4,267145,162,65,308,85929002,86,3,77,0
102,3,385371,437,49,218,82942521,37,3,47,0
90,5,243610,447,27,287,71509131,57,4,11,0
114,5,95873,412,54,372,36480071,54,2,114,0
151,10,55129,73,60,106,6129068,68,3,38,0
17,10,406421,192,45,45,18542806,35,4,0,0
45,9,252283,363,17,290,70961776,49,3,96,0
142,8,32142,421,74,423,13329466,72,4,38,0
58,1,424826,1,38,78,34647537,82,4,33,0
32,5,228710,91,88,251,58237370,4,1,116,0
196,5,268500,496,34,34,9002800,62,5,76,0
112,5,339250,351,15,243,81392457,94,5,88,0
5,5,95378,297,29,29,2755186,89,2,18,0
92,3,37728,139,81,184,7228033,46,1,53,0
75,5,287669,327,65,479,133574419,81,2,9,0
196,2,323923,385,41,85,28558919,88,3,69,0
70,6,60244,273,18,296,16963612,67,3,45,0
96,8,226003,174,20,471,102215253,20,5,116,0
57,4,426864,459,88,286,126129135,68,5,78,0
183,9,378189,387,53,410,154444878,10,1,14,0
34,1,261405,178,46,159,40063014,57,5,88,0
134,6,100286,363,95,155,16033314,29,2,3,0
178,3,370734,116,26,157,56052914,11,4,16,0
177,2,50755,9,96,396,19960794,26,1,61,0
9,9,320995,30,32,240,73520295,39,1,15,0
194,2,420187,63,26,471,199641812,26,2,77,0
172,6,25340,46,74,74,1958013,75,3,108,0
91,3,458338,256,78,399,178155393,73,1,93,0
26,10,410159,7,91,270,107327036,37,2,27,0
194,9,12269,498,27,371,4743191,91,4,12,0
94,10,107059,225,23,344,38061094,49,4,13,0
55,9,129303,208,40,57,7092865,15,5,97,0
35,8,409650,184,71,360,150749936,11,3,36,0
127,2,211736,145,94,233,48407033,57,2,76,0
142,7,162352,437,8,219,36958641,61,3,24,0
46,1,363453,251,50,344,124253388,85,1,13,0
31,3,216994,205,13,355,78892691,22,1,75,0
94,4,187540,102,51,304,54861445,55,4,108,0
72,10,321243,139,82,387,129831261,46,4,101,0
171,10,222044,248,18,261,59506634,14,1,35,0
65,8,270714,118,17,321,82812529,95,1,120,0
18,8,365523,13,48,497,183564854,42,2,22,0
78,10,336753,49,84,389,134292927,99,4,9,0
120,4,163911,338,64,254,40641125,44,5,62,0
140,1,410537,16,15,220,89267106,41,4,112,0
114,8,28864,16,84,90,2691373,39,2,71,0
126,7,80510,159,62,366,30244612,73,4,49,0
169,9,369333,276,60,292,108516630,21,5,60,0
15,7,148092,253,78,302,45513104,99,3,48,0
83,1,24757,302,23,23,560805,95,5,16,0
7,6,209530,49,45,219,45482940,8,2,44,0
64,4,349782,159,88,303,101378946,40,1,10,0
87,3,20334,275,58,166,3428697,55,5,4,0
132,7,149785,10,75,356,50775859,41,4,60,0
147,7,179041,293,50,50,8594018,87,2,103,0
87,8,273595,415,43,391,103409368,39,3,85,0
112,4,270545,325,9,433,121133405,69,2,100,0
74,5,34920,152,28,293,10359016,12,5,51,0
25,10,186600,139,34,34,6328709,27,3,72,0
20,5,274576,411,84,153,42177948,26,4,55,0
103,5,337661,263,97,232,78709943,3,5,85,0
48,10,271726,109,95,338,95867074,35,5,105,0
158,7,306808,372,66,320,95239565,60,2,7,0
62,3,401346,350,55,391,155518033,9,2,38,0
106,5,441861,146,32,330,148538738,31,4,20,0
62,2,88623,98,14,14,1236275,72,4,31,0
109,1,115901,81,3,139,15721010,36,5,17,0
46,1,388784,248,7,400,161105620,11,3,2,0
155,5,464647,32,46,461,217879521,12,4,52,0
186,3,133753,57,64,292,40746743,67,5,94,0
199,9,142019,254,30,452,64833366,99,3,11,0
85,10,396524,199,95,412,159053964,55,2,95,0
37,2,101831,109,56,496,50045397,76,1,35,0
126,9,206453,358,40,485,100587748,61,2,14,0
72,3,200315,243,39,366,69804031,78,1,47,0
190,1,372116,469,30,403,146258411,50,3,85,0
164,6,483514,415,68,350,175439840,57,4,15,0
3,7,496280,500,38,469,223218178,97,2,32,0
77,4,460581,455,56,82,38263730,99,4,117,0
9,5,464266,41,62,421,194890947,53,3,99,0
184,7,469675,470,20,419,200699831,65,1,12,0
91,7,325682,373,94,416,133136705,89,1,70,0
196,1,346264,328,56,94,33496049,18,1,80,0
103,4,339408,156,10,160,52191871,32,5,73,0
183,3,454051,304,40,351,158598786,95,2,52,0
67,3,370430,303,36,423,151970194,54,3,41,0
47,7,469480,193,73,483,220511342,3,5,106,0
166,10,338533,117,59,464,152339698,90,2,11,0
13,7,334012,219,19,307,98327849,48,2,33,0
146,2,17400,367,98,269,4877180,59,4,55,0
31,4,384112,104,97,97,36387762,96,4,110,0
98,3,236129,438,27,105,26021339,37,2,76,0
108,3,224184,405,37,74,17379494,31,5,3,0
116,4,203796,298,58,350,68373731,61,2,82,0
83,7,370108,108,90,365,134053161,77,3,49,0
19,2,302028,30,26,26,7829902,46,5,42,0
172,10,382016,383,0,414,154258593,80,4,5,0
78,7,361934,189,67,67,23136825,23,3,114,0
44,9,268390,476,59,173,44722418,41,5,112,0
111,3,146527,59,16,160,23442469,36,3,5,0
111,5,483323,448,97,134,67528925,67,3,78,0
112,3,175435,377,19,251,44279344,85,4,97,0
14,4,87920,27,4,117,10256034,21,4,23,0
112,2,479329,474,56,253,119530253,91,5,5,0
125,8,268467,57,18,433,111871334,12,2,92,0
73,3,447756,86,34,383,172575180,85,5,65,0
55,10,12163,269,23,392,4728045,10,2,73,0
197,8,364895,48,3,454,162088682,88,1,42,0
101,6,319507,475,41,487,150212658,11,4,13,0
182,8,248055,321,76,489,123215493,43,1,34,0
168,10,247555,166,93,485,124949326,73,2,93,0
55,1,430247,329,7,144,63466044,71,5,41,0
98,2,219116,130,91,91,20668377,12,1,30,0
54,3,213687,399,82,206,45131272,84,2,36,0
31,5,267344,410,39,221,61468408,78,2,94,0
92,2,446235,188,62,262,116275717,50,4,25,0
69,10,324751,216,46,46,15403126,79,2,96,0
112,7,58731,20,59,262,15659019,83,2,43,0
127,9,340070,331,37,268,90849113,11,4,10,0
77,3,76998,350,31,462,35655221,38,5,38,0
13,9,50125,469,13,23,1154102,53,1,65,0
119,10,436154,129,74,181,75642200,65,1,32,0
30,8,104137,402,50,93,9244335,54,3,107,0
81,10,389634,232,57,387,152655274,34,3,85,0
48,4,107039,40,33,382,42408394,14,4,77,0
137,1,13065,202,21,59,782844,59,4,1,0
169,10,390586,249,78,155,59697670,87,4,79,0
78,2,75582,69,7,7,545791,90,2,24,0
7,4,262243,332,30,74,19281373,81,5,83,0
49,2,167767,394,60,237,39450164,15,2,18,0
40,8,264304,241,10,10,2665565,26,3,110,0
146,7,36697,170,4,4,151890,56,4,13,0
127,10,322391,374,4,283,91122575,63,5,37,0
152,10,365817,463,62,418,148812036,8,5,111,0
5,7,312201,161,34,283,91824066,54,4,8,0
30,8,336472,480,57,330,113228876,3,2,44,0
74,4,256017,176,64,224,55740362,88,3,29,0
155,8,78764,452,91,150,11685077,54,3,92,0
121,3,336024,106,95,144,46385143,62,2,88,0
45,4,91953,310,53,251,24102782,64,3,12,0
61,4,301939,24,9,9,2678603,21,2,45,0
129,1,433003,32,14,172,75352083,16,5,55,0
58,8,145173,174,98,401,55575377,72,3,45,0
39,9,326821,342,6,53,18060504,57,4,90,0
194,2,65517,400,100,312,21173894,14,5,78,0
11,9,65265,85,26,322,21879030,21,3,15,0
182,8,409488,259,12,255,100809615,47,3,93,0
36,2,454908,103,98,224,104640823,32,4,53,0
88,5,274777,87,43,43,12069678,54,3,34,0
162,4,89487,385,53,385,35442024,18,4,67,0
106,7,480844,234,66,487,241069878,47,1,109,0
114,3,413781,5,66,367,158594681,11,3,103,0
81,7,414945,84,50,222,94505412,85,2,7,0
148,1,341144,365,66,409,146122837,54,4,84,0
175,9,467989,155,40,369,179754864,2,3,95,0
136,10,492581,75,57,358,178881223,70,5,51,0
159,8,375675,176,100,454,173093596,100,2,103,0
78,2,29383,275,92,171,5134469,17,5,49,0
139,5,122058,47,39,261,31925107,97,2,70,0
6,1,476783,407,33,276,128188343,100,3,75,0
186,7,274909,56,47,374,100345878,65,3,7,0
32,1,406655,333,57,481,191649153,95,1,15,0
117,6,133782,412,72,381,52065018,81,5,74,0
153,4,193677,153,100,145,28968007,74,2,85,0
183,7,282454,377,41,126,35647754,25,3,13,0
117,2,86836,364,52,217,18055657,8,4,106,0
34,8,122608,228,39,39,4794266,76,5,47,0
133,7,467186,135,81,299,138618909,57,4,63,0
188,7,441914,83,16,73,32210572,59,2,64,0
181,9,462602,270,27,60,27632417,5,2,88,0
144,6,493234,487,52,60,28440867,48,5,77,0
75,1,284085,78,39,60,17882048,39,3,47,0
125,1,424818,73,72,72,30347574,40,3,100,0
56,3,439457,378,15,250,110386514,9,1,0,0
107,8,310448,158,43,289,92243723,61,5,57,0
34,3,274641,325,57,235,65619888,20,3,97,0
23,10,358390,319,29,209,77901481,44,5,49,0
12,8,395830,142,21,330,133330539,74,3,11,0
144,2,347596,286,43,43,15009156,97,1,24,0
146,9,109297,384,2,243,25550674,69,2,64,0
5,5,422487,105,90,125,54600727,75,4,106,0
22,9,328166,164,5,205,67216665,3,3,75,0
112,3,227546,12,40,440,98938931,12,1,67,0
26,9,98162,146,32,73,7358088,20,3,23,0
105,3,40887,314,23,492,19165242,8,3,41,0
100,2,177793,72,41,211,36606229,16,1,114,0
52,4,404334,305,63,300,121404776,65,4,30,0
30,5,41788,162,52,237,9473396,4,4,70,0
163,4,489060,453,9,9,4605540,87,1,34,0
64,9,351600,402,64,64,22292555,11,5,38,0
53,3,205719,276,31,86,17758241,55,5,100,0
116,1,10524,416,79,237,2441622,22,1,106,0
16,8,153289,306,87,128,19385841,45,2,107,0
150,9,157488,23,68,82,12995479,39,1,94,0
102,2,445420,71,35,371,171501916,27,5,71,0
130,6,473434,349,81,484,223673822,97,4,43,0
70,4,357223,164,58,174,65009753,43,1,26,0
178,3,348922,4,52,344,120698818,90,4,22,0
196,7,292135,41,83,403,119511271,69,1,112,0
172,8,362450,63,48,180,67377426,46,4,104,0
46,1,75412,236,24,189,14173875,29,1,119,0
195,5,366806,471,24,363,127690958,79,3,45,0
184,4,132818,252,4,495,64303494,91,5,46,0
54,1,112805,420,14,326,38134775,73,5,50,0
127,3,299294,99,72,337,102598676,78,5,94,0
45,2,318367,65,16,381,118382124,73,2,8,0
134,5,110585,434,88,347,39055015,79,3,2,0
175,9,472999,218,83,328,148191106,42,4,86,0
105,5,73815,348,63,265,19290000,98,1,59,0
185,4,34623,142,68,470,16189593,1,4,53,0
50,6,52891,450,3,292,16201345,29,4,103,0
20,4,113220,84,8,168,19260613,13,1,39,0
123,7,433655,12,80,303,137114053,33,2,102,0
28,8,134968,490,6,174,24239770,67,2,106,0
19,10,334831,224,80,391,130217931,16,1,12,0
16,1,207863,160,88,455,90463803,17,1,108,0
114,1,168057,312,8,320,51636938,8,5,55,0
14,5,455607,195,79,205,95752758,30,5,12,0
169,10,15560,232,54,196,3165632,80,1,59,0
87,1,248066,264,24,168,40041452,2,5,75,0
183,2,320843,404,73,430,132802439,66,3,24,0
91,7,262391,371,23,317,81041542,6,1,56,0
33,5,316458,223,96,262,81732520,75,5,83,0
199,3,87284,240,43,158,13502730,2,5,77,0
151,3,40050,121,71,259,10745030,55,3,104,0
51,4,345835,465,8,103,35056597,86,4,100,0
178,8,324448,354,74,169,55194132,43,5,109,0
77,7,182291,83,5,53,9657491,1,2,58,0
178,4,254599,319,61,109,28402297,43,4,30,0
53,7,106597,5,3,37,3965659,19,3,45,0
113,4,341001,299,46,467,151984266,4,2,97,0
51,5,101302,112,92,453,44395103,71,2,33,0
46,4,21268,90,12,431,8727426,87,2,33,0
98,2,187410,479,58,107,19531796,48,2,39,0
135,10,472245,222,8,449,203948613,17,2,91,0
50,9,208283,355,76,191,39501749,82,2,40,0
12,10,317927,96,37,437,142957460,42,2,68,0
14,5,467625,64,74,435,211265395,27,1,65,0
121,10,44012,85,96,260,11880730,97,5,49,0
96,8,282049,237,91,91,25342750,89,4,41,0
184,8,258385,137,81,297,79972534,75,1,51,0
54,4,479177,103,30,231,109537605,40,4,110,0
97,10,92422,478,32,431,40035250,18,1,47,0
76,8,282011,180,5,117,32880638,80,3,74,0
110,8,255131,221,63,209,52346688,49,1,47,0
46,8,132573,135,45,330,45505510,38,5,9,0
132,9,347460,40,29,402,134069541,10,3,35,0
10,9,115018,170,42,100,11214282,96,3,86,0
49,10,82281,437,94,385,31814799,34,1,91,0
198,5,157768,421,51,177,29169871,75,1,100,0
121,9,409067,487,50,76,30242158,93,2,110,0
122,4,280441,300,96,402,112384846,60,3,70,0
22,6,453443,96,89,219,98486624,57,4,98,0
143,1,206450,71,16,295,59718629,95,1,111,0
128,6,188164,115,87,214,41284348,98,5,54,0
77,6,317733,11,4,290,96032315,20,3,100,0
146,10,489069,311,50,293,150177949,27,4,110,0
17,9,212602,96,42,243,52021416,58,3,13,0
24,3,64690,345,4,283,18904956,78,4,22,0
7,3,114332,35,36,466,51711744,38,5,49,0
18,8,40122,188,21,265,10448148,53,4,1,0
41,2,77705,274,95,214,15911771,27,2,61,0
53,5,236597,418,60,363,82954163,74,3,85,0
151,4,273441,366,35,350,92849515,19,4,58,0
17,7,327114,413,42,126,42907481,63,4,67,0
119,10,30491,377,46,46,1456023,59,3,36,0
180,5,215043,313,22,421,89764049,23,5,103,0
188,7,250033,196,23,466,118828465,13,4,84,0
179,1,135669,453,35,445,62682298,69,3,20,0
171,2,375976,371,27,369,144405755,53,5,115,0
32,6,50125,386,53,53,2730880,53,4,64,0
43,5,118722,259,3,22,2500407,89,4,59,0
98,6,401096,204,50,438,167559671,33,1,24,0
182,3,181500,343,62,383,69245875,11,5,59,0
169,4,384122,486,60,224,88800385,21,2,17,0
5,10,62698,90,68,150,9631773,22,1,15,0
172,1,365143,139,45,78,27563890,92,1,56,0
173,9,123333,226,81,356,45274288,83,1,6,0
100,5,242776,26,6,306,76313172,99,2,0,0
64,6,486450,122,2,102,49229306,2,3,11,0
50,2,125641,490,85,451,54782179,22,1,12,0
107,9,66457,417,71,167,11239030,80,2,41,0
139,7,234332,61,13,118,27254592,23,1,27,0
103,6,16281,199,28,108,1682038,36,5,58,0
95,1,45300,453,38,111,5162829,64,1,52,0
183,9,424848,472,21,435,180224513,13,5,72,0
84,7,365415,473,88,497,174944876,23,3,98,0
171,8,45396,466,48,299,13588370,95,2,57,0
129,10,379428,6,78,119,46321100,16,3,2,0
61,7,407014,124,7,317,124347054,64,3,10,0
52,3,207000,104,30,328,70770778,77,4,4,0
190,6,80394,142,100,162,13363090,67,4,82,0
166,5,403504,12,93,117,46413395,32,2,108,0
139,1,485336,469,87,340,168253107,29,5,31,0
98,9,178630,93,0,226,38612721,63,1,80,0
50,1,342590,72,16,480,157729960,76,5,26,0
53,4,276036,40,59,218,59041310,93,2,92,0
63,7,102503,310,36,127,13117366,82,2,38,0
70,8,51951,486,50,497,25503917,61,4,46,0
109,9,329498,376,19,221,75146382,62,1,97,0
196,7,234079,437,38,42,9924895,20,5,97,0
187,3,144894,194,58,237,33595477,72,5,39,0
124,2,184710,69,25,366,65269664,25,1,60,0
4,9,392923,371,51,191,78243031,51,3,62,0
99,8,171381,328,52,301,53571727,16,4,9,0
145,3,111831,390,98,223,25968479,93,3,32,0
131,8,342912,352,7,188,65440310,55,2,89,0
63,8,28091,471,80,416,11927237,4,2,46,0
67,10,248797,483,32,348,84394439,75,2,18,0
4,2,414211,47,49,329,134880870,76,1,91,0
133,4,469279,216,54,84,38445268,39,5,106,0
137,7,317274,157,96,375,123456078,94,1,52,0
28,10,417209,408,18,176,71732735,27,4,104,0
179,5,13366,86,0,417,5348932,100,4,62,0
135,7,353157,147,21,375,128148331,24,2,55,0
51,8,105412,257,57,485,51467827,28,2,14,0
52,1,403171,93,24,414,162896069,53,4,97,0
161,10,67249,444,10,325,21403781,49,1,21,0
71,2,189386,15,61,299,56542574,98,1,30,0
3,1,149502,384,85,489,73709207,6,1,0,0
55,9,425124,3,66,192,85598045,98,3,77,0
125,8,406839,172,43,309,124088848,44,3,54,0
62,6,358692,204,7,193,72517976,43,1,78,0
1,8,466414,357,17,205,91079669,16,5,92,0
72,4,203163,231,84,316,66573946,66,4,87,0
170,4,11640,326,41,490,5427905,47,1,120,0
189,6,365430,227,62,119,43052026,79,1,77,0
90,7,498365,482,84,476,245692928,13,4,60,0
76,10,112276,364,66,73,8504514,92,5,111,0
9,3,271056,407,44,44,12518380,60,2,38,0
115,2,262795,339,31,276,70439909,97,1,30,0
28,7,385267,14,41,82,32863936,99,3,118,0
57,5,359140,243,85,487,168309121,18,5,114,0
163,8,57417,407,28,354,21203237,99,5,42,0
17,6,207661,466,94,367,77926561,84,5,95,0
112,4,127205,132,11,59,7213433,44,5,37,0
49,2,310332,188,40,65,21087508,74,1,109,0
80,1,319361,274,49,97,32464495,41,3,108,0
174,3,282499,339,28,308,83586608,2,5,75,0
118,6,85864,417,28,482,41385755,59,2,37,0
154,5,86478,382,89,340,28033373,41,3,108,0
129,2,153367,434,61,361,56091201,28,4,73,0
75,7,40834,414,91,170,6740893,94,2,19,0
180,1,494000,443,62,397,200577634,39,2,22,0
6,9,215670,172,60,216,48868835,97,4,86,0
101,2,286742,372,89,144,43037714,90,5,36,0
101,2,78629,165,74,385,31379688,7,3,101,0
118,3,312596,70,61,226,69170756,19,2,89,0
56,4,395518,371,13,438,176326006,19,4,73,0
110,3,495483,28,49,49,23500858,7,1,45,0
132,6,321108,222,80,496,162814118,32,1,19,0
31,4,217956,250,76,154,35090949,84,4,88,0
199,2,417754,237,83,442,182470293,81,4,104,0
95,1,72914,59,42,42,3105693,66,2,15,0
6,10,310407,293,88,245,77915665,76,2,35,0
99,8,347954,359,73,222,74350897,42,1,38,0
183,9,106935,207,2,416,44012514,69,5,89,0
126,2,282053,428,91,299,87022642,84,1,68,0
193,4,355286,459,60,60,21733304,1,5,23,0
115,6,74511,20,26,65,4917142,12,5,73,0
66,1,54360,63,46,259,14735721,22,4,38,0
169,1,140200,153,23,23,3157978,69,4,66,0
36,10,267133,355,45,160,43195073,66,2,66,0
177,2,357402,419,4,22,7617581,39,2,30,0
35,10,299444,110,35,302,87072464,80,4,45,0
20,9,143676,133,20,195,27736818,11,3,83,0
174,7,374126,73,9,274,103838734,35,2,26,0
183,6,305510,336,65,331,102185050,54,2,105,0
81,7,208674,13,31,493,98530012,16,5,77,0
29,9,223270,33,11,168,36994804,43,3,81,0
38,4,153469,5,28,50,7580319,14,1,48,0
45,9,391853,448,62,156,58656645,45,5,75,0
73,9,152110,311,6,50,7355086,97,4,114,0
47,6,432620,379,68,347,150894831,52,4,100,0
152,3,145822,4,91,351,49420205,17,2,65,0
97,10,395573,136,27,27,10829136,48,2,117,0
174,10,229280,361,56,234,56260305,60,5,23,0
74,5,234272,266,29,482,110719297,12,3,91,0
105,6,453152,46,9,324,150197447,12,2,10,0
148,1,54346,380,63,146,8179174,2,4,70,0
174,9,498867,374,63,69,34473495,87,5,61,0
179,2,222583,7,95,315,66659077,55,5,24,0
192,6,138044,378,67,338,47517759,6,5,117,0
115,3,363643,476,67,451,170625411,23,1,97,0
94,3,279318,180,54,487,135966760,22,3,6,0
29,6,489222,347,69,127,64310613,16,3,106,0
77,8,163902,135,94,109,18099668,51,2,0,0
79,9,442918,457,18,18,8285440,63,1,119,0
92,1,332715,235,45,168,53700319,45,2,38,0
103,6,14647,51,25,220,3088530,66,2,62,0
106,2,488732,249,3,3,1489161,29,4,19,0
102,6,166911,186,23,219,36686663,35,1,114,0
113,8,94847,71,55,181,16318916,91,2,95,0
29,4,159369,20,53,68,11101434,5,2,50,0
171,4,261288,491,15,340,88136947,71,4,34,0
175,3,180334,384,51,391,70523698,95,4,99,0
34,2,66559,405,10,10,655214,2,2,16,0
14,6,235268,499,1,305,71285502,38,3,94,0
125,2,408930,219,19,126,52706387,24,2,79,0
72,2,463072,134,85,358,171094831,26,4,31,0
181,2,377601,373,23,257,94022193,76,2,78,0
59,2,79361,205,19,19,1572560,55,1,35,0
158,4,57676,442,26,26,1503320,90,2,48,0
57,6,233386,245,31,31,7339057,39,1,65,0
69,6,157092,482,53,179,27407957,7,2,91,0
11,1,37331,338,27,381,13917764,36,5,41,0
26,7,106909,129,46,485,50991603,15,1,62,0
172,1,368068,282,16,394,142571044,95,3,110,0
191,10,287276,309,83,190,53359503,75,4,30,0
23,2,78411,322,15,380,28428651,84,2,77,0
50,8,495228,50,38,38,19042625,39,4,120,0
195,4,289737,369,16,78,21902759,71,3,5,0
195,9,192105,458,80,187,36704348,56,1,57,0
124,7,284602,476,2,487,133984855,36,2,64,0
75,1,306838,31,24,406,127574967,51,4,88,0
176,9,466264,262,21,497,230290551,66,4,9,0
144,7,220160,310,23,139,29083146,74,2,26,0
152,1,470930,475,58,404,190328355,93,5,65,0
67,5,456942,112,34,151,69358074,22,2,90,0
12,9,134894,149,18,20,2817138,36,2,81,0
70,1,346809,127,68,421,140402634,84,3,26,0
162,10,203520,166,42,42,8346143,18,4,90,0
157,5,180202,29,1,320,59532580,29,3,104,0
46,5,18199,275,99,336,6383316,75,1,111,0
185,7,352792,131,81,445,158630525,27,4,80,0
57,6,150925,104,96,297,44356142,58,2,80,0
187,7,203273,75,11,461,93671005,59,2,61,0
46,4,308664,251,23,482,150971450,3,3,93,0
42,3,438605,201,24,351,147322085,10,4,77,0
63,8,486646,330,12,496,246790656,18,1,51,0
155,2,208115,196,1,10,2135977,83,1,14,0
34,4,413763,42,80,137,57250329,2,1,18,0
139,6,457070,362,17,43,19615538,73,4,25,0
42,5,183935,245,7,79,14594112,35,5,31,0
32,1,442498,22,37,52,22095404,54,2,69,0
1,4,22583,116,18,218,4850877,37,2,49,0
176,7,370063,452,14,366,135332273,15,2,105,0
27,5,197332,39,15,315,61292413,11,1,42,0
155,3,103358,219,76,271,27117522,55,2,42,0
171,5,337553,418,13,146,48154623,64,3,44,0
68,2,423587,1,19,441,191990924,19,3,119,0
38,7,244197,369,61,407,102515425,15,5,100,0
110,5,85847,46,23,165,14543712,46,3,16,0
127,7,262333,355,77,498,134476192,43,2,52,0
168,4,210899,214,68,281,59462752,69,5,63,0
59,7,53839,297,67,366,19858530,89,2,53,0
180,2,133308,185,1,1,131473,61,2,26,0
29,1,487816,178,99,184,92621522,38,4,108,0
37,9,498291,467,26,215,110644604,8,2,31,0
31,3,207898,375,13,13,2667994,90,1,89,0
170,10,48676,244,20,428,19854548,47,2,76,0
21,4,50404,6,53,291,14153784,24,4,106,0
191,3,402223,270,60,357,142323130,44,4,38,0
166,1,160349,56,79,79,12074879,97,2,7,0
129,3,15697,202,87,426,6986657,59,5,54,0
183,5,491899,292,90,256,122492325,21,3,39,0
24,9,207950,500,95,486,98151693,80,1,16,0
57,7,106308,421,77,381,41887400,89,4,71,0
123,6,352202,328,48,207,70462188,48,4,105,0
50,5,66833,53,39,39,2679155,43,1,46,0
62,5,95333,277,27,54,5197974,97,3,8,0
49,9,115762,326,30,475,53717675,73,5,4,0
12,10,424305,247,23,23,9362028,40,1,6,0
92,5,218738,256,96,99,21418245,46,2,40,0
180,2,183706,208,64,459,80956668,100,2,94,0
7,10,427369,195,4,244,102089442,20,4,75,0
21,2,386681,118,87,452,177475268,99,2,27,0
129,9,392059,311,98,333,128485234,17,3,66,0
75,6,336878,438,5,481,168368829,100,4,55,0
62,4,330018,310,38,38,12700940,64,1,19,0
4,3,411770,445,100,158,67630393,64,1,70,0
117,6,98980,478,8,151,14617343,47,3,20,0
23,2,103945,363,33,395,43054295,33,4,58,0
167,3,74994,497,5,291,21525305,37,4,62,0
105,10,490845,348,46,66,32436197,80,3,56,0
96,2,367669,211,33,259,98820192,88,1,57,0
159,1,398519,404,71,125,47363698,14,3,89,0
97,3,308914,204,28,437,133486479,60,1,9,0
90,8,255623,328,59,273,67057313,24,1,115,0
102,7,114580,205,40,168,18946114,78,4,8,0
55,8,69939,142,69,232,15667258,61,2,4,0
164,4,177870,290,16,16,2811850,47,4,76,0
122,4,38352,108,97,444,17341049,35,3,2,0
163,3,53825,72,35,35,1805074,92,4,35,0
108,9,122252,342,23,457,57715914,12,4,33,0
88,5,96262,101,53,178,17103151,69,2,120,0
179,7,195960,467,49,354,71610594,72,5,73,0
51,2,388915,341,18,296,113089669,94,3,78,0
4,3,480024,234,63,478,237810420,15,4,18,0
68,9,388685,1,16,230,90598096,82,5,120,0
25,1,124621,381,89,96,12018751,22,5,53,0
97,4,192497,107,86,487,94466350,2,3,24,0
94,1,168305,459,15,157,26950558,84,4,64,0
106,7,194407,180,54,424,82619553,98,3,69,0
30,3,250555,219,70,191,48310119,70,4,22,0
98,5,453071,337,55,352,161619747,90,5,87,0
26,2,432544,428,53,53,21816247,53,1,11,0
128,10,496134,278,51,51,25311339,5,3,81,0
108,4,126852,397,48,232,28295153,61,1,70,0
90,8,226496,464,90,420,97836006,51,1,82,0
96,4,276108,145,84,137,36935971,54,2,112,0
2,7,27130,7,13,13,364708,67,5,19,0
82,6,99344,491,30,292,29170139,51,2,55,0
158,7,444398,26,73,410,180911403,82,4,119,0
187,3,221350,462,20,162,35634230,13,2,66,0
130,2,341056,295,97,401,138504706,34,5,50,0
41,6,116830,47,47,47,5222795,99,5,3,0
40,1,334062,362,10,278,93535979,4,2,117,0
117,6,107808,122,28,334,35276633,69,2,114,0
186,7,413907,133,35,337,133669554,19,1,6,0
164,10,464525,52,56,56,25031873,19,3,58,0
68,3,58641,39,46,253,15448490,27,4,108,0
26,8,427040,11,62,211,94243236,10,2,9,0
176,7,206741,455,57,160,34099195,24,3,81,0
3,3,355855,290,4,323,110541299,44,3,77,0
124,10,324569,279,2,2,664827,16,2,20,0
156,1,290994,11,97,265,74432531,47,1,65,0
56,1,181725,70,93,112,20743170,17,3,10,0
71,8,114457,488,47,47,5407181,38,4,44,0
191,8,238622,262,24,484,112606797,26,3,51,0
101,2,315999,406,39,392,119729999,27,4,75,0
111,8,232160,305,40,382,89775157,78,4,34,0
110,4,307345,180,80,191,60577523,58,2,114,0
9,9,142678,300,77,209,30793871,83,5,37,0
91,7,25697,58,41,92,2347430,24,3,103,0
63,2,122818,336,18,190,23987678,16,1,47,0
82,1,385811,168,72,109,43294981,30,5,59,0
17,7,158695,308,27,108,16458502,36,5,67,0
172,2,310914,457,87,330,105230285,41,3,53,0
51,4,36036,410,5,252,9526280,54,1,63,0
32,8,99726,307,49,167,16215272,3,3,75,0
5,10,12436,466,16,236,3035164,52,1,36,0
137,9,30510,172,8,330,10037987,54,3,2,0
71,6,405151,177,71,204,84920506,64,5,10,0
13,7,166470,356,82,232,40425231,16,3,63,0
159,2,25355,114,1,24,586536,42,4,105,0
58,3,56146,97,47,370,21430785,69,1,115,0
177,1,146151,452,14,401,55957554,39,1,5,0
68,6,370669,313,48,405,146666843,22,2,103,0
150,8,72862,64,18,163,12177022,53,4,110,0
172,2,283554,270,61,123,35439602,36,3,73,0
198,8,128400,47,37,135,17700408,46,5,98,0
63,4,374361,39,7,38,13816693,86,2,63,0
120,7,108522,249,26,53,5932265,98,5,43,0
132,6,408714,483,58,159,65994681,65,1,90,0
34,4,490613,186,79,197,96780891,100,4,57,0
49,2,155667,216,39,84,13666403,74,1,87,0
38,8,469379,54,30,381,170188376,59,2,14,0
69,1,259687,338,45,271,68725433,71,1,57,0
91,7,121183,77,55,203,24619649,7,4,64,0
70,6,61282,25,93,332,21216457,25,3,48,0
49,7,102612,304,77,141,14459055,56,1,67,0
175,1,348870,127,28,490,164368079,5,5,14,0
69,4,44522,272,28,51,2357496,90,4,35,0
101,7,63112,112,88,375,23118557,27,2,105,0
53,6,343918,147,36,361,127058149,13,2,76,0
129,10,259958,378,88,156,39493459,41,1,109,0
43,3,184145,460,1,233,43618155,55,3,18,0
6,3,148324,451,39,39,5935187,2,5,21,0
91,8,315743,0,31,250,78719215,6,1,111,0
146,5,447968,116,21,268,123116747,100,1,64,0
26,5,431471,376,62,171,75514042,70,3,57,0
170,8,142926,186,45,234,32779583,43,5,1,0
199,10,263941,57,66,138,37255107,3,2,87,0
106,4,355698,72,3,182,63082148,95,4,63,0
93,4,400261,45,48,99,40175583,36,5,117,0
116,9,101725,135,44,466,49243095,51,5,86,0
107,5,172174,97,21,21,3688630,79,1,74,0
111,8,307094,495,44,405,121741441,2,4,101,0
176,3,254484,348,37,76,19580213,86,2,66,0
78,8,161131,33,1,409,65598492,28,3,37,0
152,2,37888,250,55,156,5823203,1,1,0,0
65,3,193615,449,64,145,28538314,99,5,100,0
40,2,383920,138,25,73,27835724,11,3,93,0
57,1,258081,477,86,181,47352833,55,4,31,0
26,5,492446,154,22,305,151155896,87,3,39,0
149,3,368257,393,17,102,37247864,26,3,32,0
79,2,165888,290,59,474,78991282,49,4,80,0
25,3,286075,226,64,355,105973117,92,3,40,0
120,6,234221,238,59,215,47978993,72,1,52,0
197,7,56362,386,38,71,4116403,75,5,78,0
96,3,335525,278,37,460,147450708,51,2,72,0
104,1,252644,413,66,390,98139210,7,1,111,0
15,5,445103,332,54,54,23067888,38,5,42,0
124,6,463149,31,62,62,29216069,95,1,94,0
180,4,280671,73,63,287,77623707,87,2,94,0
78,5,387037,248,25,319,118707813,1,2,88,0
155,2,282536,49,13,126,35506060,65,4,26,0
101,1,495513,62,61,153,79472977,31,5,51,0
67,10,367208,224,78,439,155130077,19,1,84,0
48,3,439155,381,21,336,147725990,90,5,30,0
52,8,261902,148,12,148,40541003,64,3,85,0
171,5,215095,197,13,357,76512196,55,2,102,0
8,5,249642,61,1,288,72475939,5,5,49,0
114,1,486110,464,59,181,91350704,59,3,17,0
3,3,197562,256,64,438,84029474,91,5,110,0
100,9,42907,89,45,335,14597981,73,3,19,0
118,3,155930,401,38,390,63387977,9,4,84,0
97,8,327635,337,90,92,31430743,100,5,73,0
67,3,375831,165,44,301,114080961,52,1,74,0
12,1,456709,375,12,81,37604786,64,4,29,0
83,4,414615,413,30,469,186781881,23,4,93,0
194,7,493590,32,31,31,14711385,96,1,78,0
114,6,327998,323,22,430,138516784,90,4,3,0
97,3,344178,293,25,284,95327275,57,3,25,0
58,4,399102,82,67,222,91335499,25,1,104,0
150,1,339837,491,26,342,110799361,18,1,12,0
93,7,307950,279,43,442,131830454,94,5,9,0
128,4,446418,106,60,292,130365139,46,5,105,0
144,3,430267,34,80,224,95185837,10,5,54,0
21,3,420196,264,15,152,63861567,7,5,12,0
139,6,21818,114,37,420,9550512,33,4,120,0
181,6,45626,446,36,446,19483901,74,2,20,0
133,10,272168,159,7,204,55777350,15,5,79,0
121,5,352481,15,16,16,5504840,43,1,43,0
36,4,296831,418,96,375,113129745,8,2,42,0
127,2,432398,485,78,288,127059726,98,1,115,0
89,2,228229,306,10,378,89613707,62,2,78,0
70,1,64558,18,28,254,16644250,56,4,64,0
78,4,21242,476,28,28,611538,26,5,3,0
156,7,367533,350,70,377,138312934,50,4,2,0
179,3,235296,359,17,218,49322680,16,5,70,0
95,6,111526,175,7,223,24219119,12,5,117,0
3,4,226565,382,68,385,87821096,2,2,113,0
15,2,39703,64,36,224,8487680,45,5,23,0
168,4,163308,66,61,310,51423250,85,1,50,0
20,5,295027,105,94,253,76981291,29,4,90,0
183,5,202378,399,83,282,55610763,35,3,37,0
179,9,273950,53,27,27,7548652,80,4,44,0
72,2,116721,466,66,70,7950305,95,5,107,0
54,2,205239,371,18,417,81612402,31,4,100,0
167,8,69893,10,4,255,17413324,76,4,107,0
77,2,41310,142,49,437,18044089,49,4,78,0
114,1,127675,105,84,194,24598254,7,3,23,0
9,9,410029,178,77,479,201401939,44,3,3,0
193,10,123531,387,14,14,1786373,56,4,43,0
187,1,433308,55,92,283,127929410,37,5,49,0
119,7,310208,368,66,290,87802178,49,4,98,0
191,4,79139,464,7,7,578955,11,2,35,0
198,9,165097,172,4,292,48765357,47,3,50,0
169,5,420216,334,77,414,165485615,40,5,98,0
170,6,448304,135,56,433,193392051,57,1,22,0
120,1,198074,245,71,326,62750173,8,5,108,0
21,5,480309,312,8,282,134640408,34,3,40,0
67,8,76701,116,18,322,25614598,84,1,22,0
60,2,353199,19,64,94,34397824,75,3,87,0
11,9,386102,116,31,31,12538035,3,3,91,0
139,1,324876,120,9,179,58193150,15,5,13,0
20,4,116976,166,87,292,33869969,83,4,47,0
73,3,22947,167,46,310,6996185,53,3,100,0
121,5,336063,15,5,82,26980870,20,5,47,0
7,2,329311,108,65,413,138940004,95,5,40,0
149,6,122653,193,4,425,52946236,20,4,74,0
196,2,50533,490,72,478,24163218,74,5,28,0
188,7,292574,375,62,62,18680520,78,4,108,0
169,9,282805,225,24,162,47353815,38,2,34,0
85,4,428909,393,29,500,213507065,96,1,46,0
178,4,243312,375,52,490,117576187,46,5,112,0
130,2,489532,185,77,334,159094808,54,2,61,0
146,3,495342,275,52,125,62995769,86,2,99,0
156,5,427257,146,15,174,71231519,54,5,40,0
38,10,269103,323,25,451,126218523,59,1,98,0
43,2,229480,134,91,391,93586050,96,1,70,0
33,1,447182,220,12,12,5629091,17,5,88,0
136,7,484092,216,51,181,89346154,31,3,16,0
31,6,480509,422,75,459,222952315,14,1,43,0
19,6,245350,466,57,209,52512402,56,3,80,0
194,8,377061,68,92,375,145158432,66,1,23,0
39,1,321192,303,83,189,60423173,42,4,86,0
46,9,388815,301,98,143,53359279,39,4,120,0
88,1,305767,265,74,459,140462529,55,3,67,0
83,7,177026,387,5,91,16615179,95,2,18,0
111,9,155886,294,40,450,67339009,37,2,78,0
31,5,153575,249,21,224,33673150,34,5,28,0
193,2,494712,118,18,341,161881036,71,5,35,0
194,3,24339,306,69,462,11287253,25,1,5,0
126,1,203745,104,73,144,29123643,57,5,120,0
33,8,164634,470,56,56,9605970,16,4,91,0
111,8,147917,44,35,442,66893719,15,3,17,0
21,4,391346,38,64,167,64278631,59,5,20,0
173,2,380571,352,4,161,60863722,91,5,114,0
82,4,451152,285,80,338,145408321,82,1,107,0
63,3,317412,192,28,446,144019760,34,4,120,0
39,8,436701,95,36,375,157732993,82,1,63,0
133,4,11676,222,34,34,401399,91,2,62,0
10,7,370700,134,80,314,117376382,82,3,48,0
124,9,354426,488,38,92,33718092,38,4,112,0
126,7,323441,182,37,278,86288762,15,3,61,0
108,8,180601,126,14,339,59241280,41,1,54,0
89,7,379528,65,61,396,155404868,63,5,112,0
106,4,25184,148,27,137,3584700,53,1,64,0
144,6,147156,345,50,162,24575978,55,4,52,0
67,1,150675,248,43,372,56814887,6,3,28,0
115,7,126030,293,68,448,54802607,81,1,21,0
158,10,182849,66,2,309,59044430,3,4,69,0
24,6,488270,180,70,392,183046475,7,5,98,0
54,6,290741,101,68,80,23016281,92,2,107,0
75,3,487444,191,27,169,82814237,32,1,52,0
10,1,405901,481,64,269,108072974,63,1,13,0
41,5,168055,12,98,117,20032226,5,3,80,0
192,2,436243,401,51,193,81089733,95,3,83,0
22,2,48739,258,97,369,18403084,3,1,90,0
191,9,327127,470,77,77,25410933,51,2,12,0
156,5,421446,165,95,217,87095386,36,4,65,0
52,2,148553,496,60,335,49151055,55,1,73,0
57,7,304123,142,89,247,75367803,32,4,36,0
5,8,391449,201,97,487,191523670,14,4,47,0
58,10,23050,203,57,394,8963475,73,1,29,0
165,5,184291,73,10,414,73209435,22,2,80,0
126,10,141055,42,72,72,10499302,67,5,51,0
195,4,40897,392,52,252,10111728,44,2,32,0
10,6,371233,289,0,306,110963486,27,5,52,0
126,9,272047,160,30,491,131195276,91,4,83,0
132,9,460181,378,13,375,171285730,10,4,10,0
33,1,94983,266,21,383,35277558,15,1,15,0
109,8,99507,320,62,411,39424520,71,4,67,0
103,1,165583,60,92,222,38310564,87,3,37,0
134,6,332489,455,83,190,61062591,38,5,72,0
176,4,430905,314,47,487,210257421,33,4,91,0
119,4,183107,474,17,382,67598325,92,4,92,0
3,6,228262,91,8,76,18203702,1,3,60,0
180,4,114473,355,48,48,5401862,8,5,68,0
120,10,92026,34,71,179,17104121,45,1,81,0
50,5,158996,420,54,466,74717980,40,3,111,0
160,7,499846,130,82,287,145742022,10,5,69,0
40,2,393075,110,33,143,56567554,17,5,22,0
151,7,183099,294,75,395,73081882,95,5,109,0
172,8,119736,118,78,110,12705355,22,4,11,0
1,6,50783,458,17,496,25217851,57,4,6,0
171,8,181489,154,15,256,45256784,51,4,97,0
199,7,380275,242,66,181,67569996,11,5,39,0
55,3,342277,426,18,142,50255245,72,4,91,0
126,5,369330,61,55,285,106859957,23,1,115,0
94,8,414092,343,54,177,71196454,72,2,93,0
98,6,103850,477,25,382,39440929,68,2,1,0
2,10,172734,168,47,48,8635987,65,1,116,0
156,5,27578,331,61,140,3821652,90,3,82,0
71,1,309987,421,15,15,4848618,78,4,110,0
126,3,258223,383,96,447,115951875,14,1,82,0
95,1,331346,457,90,365,123797876,17,1,19,0
108,2,39385,227,7,326,12600998,70,3,90,0
50,10,396638,8,86,170,69776521,41,2,107,0
151,6,280711,7,51,481,133892919,86,1,85,0
17,4,442562,389,93,256,110651953,23,4,18,0
12,5,329044,101,52,352,112035691,96,1,64,0
80,5,303894,179,59,60,18357944,90,1,43,0
145,8,56222,59,23,470,27030911,24,3,11,0
152,1,411983,86,27,403,168319448,59,1,1,0
186,4,171366,428,24,348,61110797,95,2,82,0
80,1,208867,361,35,146,29398076,41,4,22,0
58,4,153025,452,37,102,15232936,57,3,22,0
24,8,196202,296,98,186,37011145,58,2,44,0
10,10,212207,79,26,275,61238331,56,3,72,0
166,5,118761,175,70,358,43918875,35,1,64,0
132,4,145378,111,4,239,36211315,67,2,33,0
122,3,254971,300,72,165,41556580,76,1,47,0
83,2,340024,183,1,445,146147210,61,3,115,0
87,2,108100,467,20,183,19716704,24,1,39,0
113,10,249308,303,55,294,74989371,61,2,88,0
65,6,325066,172,51,247,78686867,30,5,86,0
28,7,233291,396,51,137,32258346,21,5,73,0
43,5,474831,305,67,494,227493445,73,2,89,0
34,6,423437,491,27,27,11767623,19,3,11,0
118,7,96686,75,22,102,9665997,11,2,113,0
61,4,238877,46,19,370,90017071,100,3,31,0
2,8,93534,176,51,51,4859335,90,2,60,0
121,7,445865,237,97,361,167668373,50,2,31,0
82,3,219654,395,36,167,37855282,94,4,114,0
153,7,290030,36,85,177,52569560,76,1,62,0
57,10,103407,393,46,120,12210113,1,5,47,0
154,7,489506,39,17,330,161536167,6,2,29,0
78,7,58680,173,23,196,11415838,37,3,83,0
100,8,28259,133,22,490,13381020,88,5,53,0
28,8,432696,42,93,177,73534465,52,1,87,0
42,6,77496,294,87,259,19980524,63,4,49,0
109,1,168835,217,81,132,21430336,58,5,94,0
96,8,383305,171,46,432,159157525,23,4,68,0
137,7,466295,345,0,40,18347991,91,5,19,0
67,4,279953,416,58,314,87332873,60,3,93,0
11,2,465027,250,6,235,113534202,88,3,46,0
65,7,186927,345,3,151,28346638,23,3,98,0
92,7,19184,228,81,166,3036658,15,3,38,0
188,1,288537,378,22,202,55860113,13,2,31,0
187,3,341832,252,35,220,74040297,59,5,114,0
63,9,308355,234,20,20,6088651,19,5,9,0
186,2,210232,262,43,371,81329940,96,3,10,0
109,7,21735,94,32,486,10797284,96,1,95,0
111,2,426098,98,38,292,125858687,70,2,33,0
178,1,206207,293,97,242,52075221,36,2,27,0
71,9,362027,23,23,309,113859893,35,1,51,0
105,4,19814,400,16,212,4105958,60,5,84,0
163,6,60933,113,90,115,6884393,9,5,2,0
74,10,443573,235,81,301,134786951,70,4,53,0
122,9,16588,175,44,174,2979432,20,4,40,0
191,8,120434,272,86,357,42522257,52,1,21,0
170,10,51213,323,44,249,12220394,96,5,71,0
95,5,162999,384,86,161,26157235,20,5,57,0
150,3,337294,180,53,289,102311175,3,3,55,0
143,8,133060,192,16,471,61909358,16,1,68,0
102,4,120784,56,22,292,36555867,99,4,37,0
141,7,194562,384,76,111,21118842,99,3,53,0
162,2,358250,452,97,351,127458563,65,5,81,0
137,7,128016,439,96,206,26276132,58,2,63,0
46,7,161208,1,42,272,45001508,84,2,106,0
175,2,210987,297,53,334,69837501,82,1,53,0
159,4,82651,312,10,317,26461239,94,4,64,0
6,6,329717,127,80,85,27947230,12,3,72,0
6,10,473214,404,70,334,158232636,25,2,49,0
118,6,389091,447,60,122,49544170,26,3,22,0
34,5,43980,457,15,15,657139,32,5,26,0
114,4,427728,90,64,498,216020043,78,3,59,0
41,4,252332,369,0,492,127233753,88,4,8,0
134,8,462024,197,36,36,17393941,92,5,100,0
31,10,349261,273,56,365,127235599,93,1,3,0
75,7,444271,421,5,371,162572597,92,5,98,0
162,8,234703,403,18,63,15299477,98,5,13,0
193,2,388532,86,84,187,71491794,32,4,52,0
54,5,60921,168,9,328,19898646,91,4,88,0
193,4,406875,133,88,175,70809172,58,3,37,0
146,5,321651,18,18,389,125394746,4,2,17,0
95,10,200171,365,91,149,28806349,82,3,39,0
122,8,362991,150,79,79,27611117,78,3,95,0
99,5,343846,116,14,14,4853909,19,5,108,0
4,5,200925,369,66,260,51748627,80,2,95,0
89,3,317828,436,66,256,80341732,63,2,40,0
135,8,101953,247,1,459,47586092,9,3,48,0
58,5,118228,114,76,76,9235133,16,2,35,0
92,8,250816,291,1,467,121113260,68,2,81,0
190,4,200610,340,16,16,3080997,43,5,51,0
18,5,300080,492,94,273,82230923,11,1,108,0
115,10,284175,126,94,125,34394711,84,2,32,0
59,8,103024,20,70,311,31327488,96,2,34,0
188,2,485078,462,38,67,31073027,30,2,66,0
150,10,260233,237,50,50,12427534,82,1,68,0
51,8,71030,226,25,42,2863892,76,2,60,0
154,8,167265,220,14,440,75215588,57,2,115,0
151,10,406122,233,0,0,0,35,4,32,0
162,3,182301,259,36,247,47061087,39,3,65,0
137,4,188856,140,64,347,64280066,57,1,71,0
194,3,265632,3,65,163,43170314,21,2,114,0
17,7,362833,155,48,48,17141563,88,5,118,0
47,4,418311,55,27,390,159995931,40,3,29,0
197,9,257398,52,78,350,87479340,87,2,38,0
83,3,110612,392,21,202,23130917,79,2,100,0
84,9,258394,334,53,304,80749300,35,2,100,0
68,8,499857,438,47,427,205861569,43,3,38,0
191,6,245776,157,50,217,54734434,1,4,72,0
15,7,195394,330,58,412,82652131,3,2,17,0
54,5,164558,426,41,191,31202701,49,3,3,0
143,9,397457,102,79,408,162210187,36,1,27,0
20,4,94105,166,92,370,35142457,6,4,61,0
177,8,140991,143,48,310,41781106,8,3,75,0
71,9,203697,224,14,472,95874248,96,1,36,0
84,7,442176,77,75,447,193676999,26,5,19,0
23,8,138569,167,97,293,41253133,72,5,69,0
75,1,83645,395,100,394,33612785,95,3,8,0
93,8,401786,452,41,109,43655960,59,3,23,0
86,4,365293,497,32,360,132868098,3,2,33,0
31,7,234044,202,6,412,99624336,8,5,62,0
96,1,306597,223,16,16,5047880,63,3,64,0
148,6,342594,34,72,376,123561526,72,1,9,0
137,3,428691,262,11,433,186995427,60,5,108,0
167,4,404216,37,55,392,163487597,60,4,87,0
190,3,351019,169,37,37,13085401,59,5,23,0
200,7,476300,10,37,205,92821465,50,1,73,0
3,4,179022,218,28,77,13901004,99,3,33,0
137,8,352681,340,73,102,37503616,92,5,98,0
40,4,415270,75,23,105,41863125,69,5,39,0
11,3,293155,178,41,488,148360801,30,2,8,0
52,5,95610,217,27,138,13553517,4,2,29,0
113,2,447338,485,56,192,89045594,95,2,3,0
98,1,244258,224,26,204,51178906,76,1,25,0
24,3,275658,467,66,296,78508068,97,2,92,0
31,8,398309,309,40,183,72271909,27,1,95,0
130,6,260598,130,58,260,64477100,49,4,14,0
103,2,195955,184,8,484,94217673,84,3,39,0
59,2,351014,329,60,414,138284138,36,3,49,0
12,3,454289,127,1,90,39364839,20,2,72,0
178,8,409658,19,26,31,13164634,85,3,76,0
96,10,227514,421,22,80,17608923,67,2,53,0
190,3,201400,450,100,473,92045897,64,2,14,0
79,7,337843,191,33,465,159012220,4,1,107,0
85,1,475997,240,17,17,8426613,6,5,94,0
97,10,388809,268,12,86,31815645,29,1,20,0
108,2,68935,495,53,243,17347783,69,4,59,0
35,10,434371,326,0,0,0,33,2,39,0
83,9,201670,489,91,314,60768597,64,5,85,0
51,3,124982,263,18,66,8022424,11,1,103,0
184,7,158006,454,31,314,48255571,24,3,13,0
85,8,360411,302,73,266,100544325,35,2,66,0
84,7,206487,338,74,74,15944145,5,4,74,0
162,1,426386,101,18,93,40187761,31,2,1,0
102,6,16140,292,44,246,3846462,74,4,61,0
116,4,247603,318,56,134,31910771,36,5,69,0
87,6,477941,95,62,130,63822377,59,1,43,0
172,6,410172,265,100,134,54223367,83,1,8,0
140,3,59589,116,14,499,28605810,92,3,58,0
33,6,170972,231,10,223,39904578,65,2,70,0
102,9,112172,72,28,430,49564789,26,3,87,0
135,10,418911,77,67,288,120948529,69,3,110,0
139,4,373695,484,47,271,97815458,88,2,21,0
163,10,128624,431,91,476,59094705,79,4,96,0
52,5,35644,491,37,496,17484547,67,4,51,0
122,8,178779,69,38,369,62673311,33,5,120,0
172,5,119447,472,76,375,46849841,8,4,78,0
36,3,262146,421,31,82,21262178,21,4,97,0
101,10,111382,127,9,427,46258417,36,2,44,0
103,2,390622,378,86,299,112729681,57,2,120,0
173,5,408765,60,67,266,104410633,81,5,39,0
121,4,356251,224,15,152,54373572,79,4,105,0
40,2,471492,386,43,466,227959768,6,4,92,0
66,2,338675,238,21,218,76608990,89,4,74,0
195,5,127772,267,52,52,6712788,77,3,11,0
62,8,448676,359,53,493,211390542,14,3,55,0
186,5,484339,128,42,327,157106205,33,3,65,0
22,1,63021,365,31,412,26187387,29,5,62,0
112,5,64507,399,62,423,27452010,73,4,90,0
156,9,466336,473,5,341,160637215,76,1,48,0
148,2,71589,494,46,391,28215571,91,5,30,0
108,7,386590,381,20,20,7954581,59,5,44,0
134,1,219029,416,95,412,92745286,86,1,80,0
56,10,104758,12,12,322,33031382,53,1,42,0
187,8,455345,456,87,129,57823460,32,3,45,0
115,1,180137,234,33,357,66036317,21,2,81,0
143,9,349889,164,96,379,130599439,23,4,51,0
23,6,194446,315,29,275,52491609,40,1,94,0
185,2,345256,207,63,160,56011433,97,4,79,0
52,5,458777,362,43,248,117257096,47,2,44,0
44,6,18350,57,39,97,1852719,90,5,74,0
76,9,292200,91,89,203,56801192,12,1,79,0
183,10,489564,448,33,339,160083241,44,5,51,0
91,7,79747,471,94,197,16204358,38,5,13,0
146,2,179783,115,5,226,39598539,20,3,105,0
7,8,127686,426,31,355,47028966,57,2,28,0
38,1,165605,124,78,493,81506702,57,4,2,0
143,9,307840,98,66,211,65479691,81,5,23,0
100,5,380538,407,33,186,70293912,47,2,102,0
82,9,197209,39,17,490,94909092,90,2,88,0
138,10,77509,49,64,469,37109123,69,3,100,0
27,10,129445,368,89,178,23375229,71,2,91,0
120,5,311077,428,27,27,8346896,76,4,58,0
17,3,21594,286,83,229,4726231,45,4,71,0
181,3,43437,349,92,181,7686057,33,1,8,0
183,10,267325,220,17,360,100916106,28,4,97,0
80,9,375536,345,29,155,58614706,66,4,42,0
37,9,367208,300,0,161,61904403,7,3,110,0
151,2,416124,500,8,36,15025063,94,2,78,0
188,4,140442,307,22,396,57482247,4,4,97,0
187,2,183953,45,48,48,9007158,88,4,51,0
105,7,375122,242,43,70,25426116,40,3,108,0
46,7,470882,129,23,255,117199182,26,2,11,0
90,2,188111,231,67,384,70484869,78,1,12,0
143,1,367936,191,0,48,18479688,68,1,21,0
2,6,211721,156,14,14,2982875,9,2,102,0
49,10,271200,93,44,274,71313901,88,2,27,0
154,6,310933,90,90,456,146690842,99,2,56,0
130,3,436959,419,79,227,94614809,69,1,3,0
80,5,66505,178,75,349,23253158,13,4,23,0
50,10,91397,313,58,471,44893051,71,4,43,0
115,2,360594,283,31,33,11739782,31,4,43,0
49,7,31805,183,30,30,983815,85,5,117,0
26,9,57685,339,67,335,19446212,90,5,41,0
134,7,406845,279,36,329,131446904,58,2,25,0
75,7,221937,222,62,193,40794239,14,3,10,0
144,8,329639,199,100,156,52815932,99,1,63,0
136,1,108607,484,45,45,5008447,74,5,39,0
45,6,397583,24,6,273,113606468,50,2,3,0
91,9,37491,421,55,422,16198601,68,2,87,0
131,6,367110,357,22,22,7752273,24,2,116,0
183,6,48253,365,26,104,5054014,79,1,63,0
12,7,118018,460,37,352,39484905,31,3,14,0
46,7,443361,116,51,190,80403685,19,5,117,0
64,10,360503,132,54,451,165519850,91,3,118,0
53,5,224540,421,35,211,49001270,25,4,48,0
65,10,15468,320,5,354,5582996,58,2,50,0
170,4,46975,326,20,58,2834136,63,1,14,0
47,9,181640,85,32,483,91726714,92,4,94,0
73,9,160176,145,33,438,67410382,16,4,72,0
52,2,300848,433,16,254,76554663,5,4,25,0
123,2,68409,117,19,19,1258760,98,1,106,0
62,7,332605,189,18,224,74071577,99,1,94,0
170,9,412018,498,26,96,40443331,6,5,98,0
4,3,188964,440,22,486,90460032,26,1,32,0
101,7,90267,484,8,149,13080230,81,2,64,0
86,8,23269,446,31,225,5288749,37,5,8,0
42,3,296850,493,14,162,48978218,53,5,7,0
137,1,334317,368,41,86,28378565,19,1,92,0
176,4,13094,29,98,416,5483574,29,1,49,0
145,9,48757,10,60,332,16895051,83,4,105,0
73,10,212777,230,30,466,100967423,79,3,95,0
89,8,261201,470,58,460,120590471,47,2,19,0
37,5,344020,374,32,89,31787187,48,1,49,0
111,5,85488,21,90,235,20852696,30,4,52,0
33,6,119104,482,53,207,24557343,58,4,53,0
100,8,200610,172,51,166,32079485,68,2,85,0
63,4,383602,97,93,291,113406708,80,3,24,0
119,9,462166,391,47,405,189872583,28,4,52,0
37,8,66963,277,38,333,23201053,100,5,57,0
106,1,114548,111,20,172,20016805,67,4,70,0
47,8,22496,355,72,105,2401525,35,5,49,0
197,3,346193,205,25,294,98225370,41,4,100,0
63,3,409832,476,78,249,106467059,79,5,40,0
189,1,364517,49,10,402,139523597,7,3,8,0
24,6,498407,461,95,182,87540690,28,3,25,0
17,6,336752,465,57,161,54082002,91,2,74,0
75,5,63214,410,19,287,17531484,16,5,20,0
159,7,92984,287,60,282,26745557,36,2,80,0
30,3,486674,227,5,49,22978037,49,4,96,0
98,8,99369,392,10,10,1042159,47,4,75,0
150,10,105333,229,62,457,50287007,73,3,2,0
87,2,474776,189,17,35,16823264,87,4,22,0
39,2,424694,491,81,342,142641078,92,1,25,0
91,10,429072,456,21,302,127833216,33,2,53,0
132,5,282856,462,62,468,129974866,22,1,3,0
167,4,377271,156,55,134,49732896,35,4,57,0
169,2,184545,282,16,16,2808236,74,1,16,0
78,7,114670,463,49,240,26243788,87,3,48,0
179,7,185969,187,100,411,75856296,91,3,65,0
34,6,387024,133,62,282,106757582,11,4,24,0
172,2,432300,341,65,467,209875059,3,2,40,0
196,2,137381,38,8,90,11936493,31,1,47,0
20,1,389116,6,43,377,152126852,80,1,103,0
40,10,338270,494,80,446,156501868,86,1,58,0
157,2,39447,360,71,71,2920205,24,1,25,0
184,2,12013,221,29,405,4724278,92,1,87,0
100,6,337916,271,25,98,33805362,64,5,60,0
181,3,256001,147,75,374,99239122,8,4,86,0
48,9,13310,40,33,90,1155241,70,5,25,0
49,2,378505,389,23,38,14884611,97,2,24,0
42,7,343078,428,76,303,103040782,82,3,37,0
56,7,141569,422,30,176,24992264,84,3,94,0
73,3,43896,31,32,32,1461237,8,5,63,0
194,7,51917,345,91,391,20189791,96,1,115,0
82,10,414428,469,89,468,197464408,87,1,46,0
146,5,391235,429,45,163,65315799,62,3,57,0
128,5,410248,250,95,160,63606720,76,2,69,0
11,6,224817,238,41,450,105451553,52,4,59,0
119,8,90050,72,49,377,33675891,4,2,96,0
82,7,466261,323,46,76,33713477,85,2,51,0
39,10,106421,111,48,48,5094052,35,3,2,0
51,1,270740,200,70,81,21442370,25,4,38,0
156,8,236941,222,20,485,114770925,86,1,109,0
91,2,45078,487,61,165,7518063,19,2,90,0
133,8,431329,110,1,213,96070360,81,2,62,0
87,5,368643,316,15,219,81533006,68,3,78,0
88,6,433165,352,47,442,192709686,61,1,16,0
5,8,203991,213,41,126,26186804,41,4,26,0
72,9,188654,295,89,406,74252655,17,3,42,0
162,10,487826,117,78,362,171948931,32,4,75,0
145,8,476908,9,12,160,75421232,19,5,65,0
83,2,287471,251,93,236,66255675,58,4,77,0
200,4,424859,394,18,141,59089106,100,1,91,0
122,4,127090,324,1,1,131218,62,5,41,0
38,5,177790,248,68,160,27593173,83,2,77,0
153,10,73104,151,94,375,28468813,68,5,7,0
73,4,424559,192,1,216,89853931,27,2,89,0
76,1,25110,333,53,329,7913154,60,2,97,0
115,7,301118,80,97,304,89838026,36,4,56,0
71,4,380302,310,20,232,88993080,42,1,36,0
32,1,464944,167,47,282,126417078,93,4,61,0
141,1,339719,222,50,330,108497398,79,1,41,0
165,5,179876,289,5,387,72279959,8,2,72,0
128,2,495988,34,13,71,35295370,92,2,19,0
24,6,197213,173,41,41,8288564,64,4,52,0
140,1,285083,213,50,328,95326749,71,1,101,0
54,8,93393,59,33,390,35430357,8,5,116,0
7,1,347066,431,61,357,118232716,29,2,28,0
40,3,272450,163,96,165,45558123,51,1,49,0
131,5,268068,12,89,342,90899420,9,1,91,0
52,10,28877,106,62,117,3212095,90,1,74,0
149,6,276940,460,50,424,114049929,69,1,21,0
161,10,157543,136,65,284,44242977,26,5,47,0
66,6,112641,167,50,459,49733231,37,4,33,0
8,8,326338,495,65,333,111604840,27,2,85,0
29,1,213136,411,26,54,11164227,73,3,95,0
177,4,474861,303,46,418,197772955,83,2,38,0
146,5,123668,261,1,12,1441932,24,3,39,0
53,8,387457,198,58,368,149488522,78,2,41,0
126,8,304036,305,85,146,45975546,32,1,101,0
158,2,473686,0,79,436,197233955,2,3,3,0
1,5,243339,195,20,373,87109711,48,2,72,0
166,4,231860,379,9,448,101587846,84,1,47,0
77,1,481084,61,33,154,73767826,27,1,18,0
163,1,471525,476,22,477,213994176,12,2,60,0
117,10,374337,285,2,139,53088468,62,1,34,0
188,3,122971,33,48,203,23789592,64,4,86,0
120,7,101762,459,8,22,2341619,36,3,84,0
185,8,116272,410,85,136,15452396,25,2,3,0
177,8,434858,0,72,332,149215013,56,5,5,0
180,8,425217,118,95,366,148583992,47,1,108,0
154,6,249210,420,20,241,59298459,48,5,69,0
139,3,178145,376,52,327,56354136,52,3,44,0
120,6,412293,149,75,75,31700155,64,5,104,0
105,6,236341,44,17,308,71575958,46,4,32,0
116,9,461831,348,5,84,38186501,81,2,113,0
154,6,293226,323,20,425,128996468,74,2,95,0
53,7,52857,421,14,214,11866226,70,1,112,0
134,2,311709,2,70,130,41189314,22,2,119,0
176,6,266471,59,47,166,44448503,51,5,93,0
169,7,124856,295,52,179,22768944,14,2,95,0
164,8,91632,427,96,355,31515521,1,5,114,0
28,8,85683,468,36,36,3004954,52,3,88,0
54,9,344626,49,24,487,159835720,4,3,104,0
31,4,107367,423,9,397,40779142,58,1,87,0
109,6,356861,305,49,153,53916777,39,4,43,0
159,10,492112,244,75,325,152609311,63,1,78,0
128,6,194285,15,60,130,26169271,50,5,89,0
198,2,231617,352,44,300,72605830,88,4,79,0
7,7,30275,492,11,249,7519532,70,1,97,0
22,4,389730,425,12,366,141994818,96,3,80,0
62,10,256037,17,70,165,43417013,58,2,39,0
158,7,59783,5,75,350,21683000,100,1,16,0
130,8,46228,257,35,92,4336815,50,5,59,0
168,1,142751,299,60,60,8557436,58,3,89,0
42,1,162193,307,14,169,27922667,10,2,54,0
124,8,140570,2,95,198,28686779,23,4,99,0
12,5,105775,114,87,174,18558658,64,2,110,0
183,8,433844,358,14,485,202030122,18,2,116,0
190,10,305053,12,46,224,70343134,56,1,63,0
182,9,480647,355,69,188,86804352,61,1,81,0
72,7,302176,359,8,216,62575950,86,3,8,0
122,7,275873,470,17,124,32911796,21,1,116,0
147,3,358463,100,69,228,80694188,34,4,84,0
18,3,315198,211,5,59,18098752,19,3,71,0
35,7,15868,190,30,30,452817,68,3,65,0
150,9,14643,155,17,450,6470431,32,4,103,0
55,4,358146,243,27,244,83883791,50,5,61,0
163,9,460202,411,36,36,15949239,66,2,18,0
195,2,260446,262,21,37,9392763,97,4,72,0
161,6,128144,423,7,134,17604649,6,3,52,0
200,7,24504,98,47,343,8313070,78,2,92,0
192,3,261325,314,65,486,131941154,83,2,101,0
62,10,283289,147,9,254,71471444,4,4,98,0
17,9,54481,360,18,456,25521355,6,3,99,0
72,7,157237,237,43,332,51176885,69,5,103,0
84,5,458464,485,62,240,108778035,89,5,65,0
178,9,494155,349,84,309,157058131,18,4,76,0
87,2,372505,250,68,499,186195946,81,1,43,0
65,5,499769,138,76,447,223698728,41,3,36,0
62,10,110278,178,24,497,56593460,67,4,39,0
72,5,323398,217,24,342,113569726,18,3,84,0
49,6,383618,277,26,283,111799430,75,5,41,0
45,2,389895,370,81,448,170254208,77,3,37,0
47,8,206607,125,91,200,40374067,73,4,61,0
138,6,86724,130,32,310,25874739,49,5,9,0
